項目選択肢用コントロールカラム,商品管理番号（商品URL）,選択肢タイプ,Select/Checkbox用項目名,Select/Checkbox用選択肢,項目選択肢別在庫用横軸選択肢,項目選択肢別在庫用横軸選択肢子番号,項目選択肢別在庫用縦軸選択肢,項目選択肢別在庫用縦軸選択肢子番号,項目選択肢別在庫用取り寄せ可能表示,項目選択肢別在庫用在庫数,在庫戻しフラグ,在庫切れ時の注文受付,在庫あり時納期管理番号,在庫切れ時納期管理番号
n,alumi-bottun,i,,,スクウェア,-square,ブルー,-01blue,0,94,0,0,,
n,alumi-bottun,i,,,スクウェア,-square,レッド,-02red,0,204,0,0,,
n,alumi-bottun,i,,,スクウェア,-square,グレー,-03gray,0,102,0,0,,
n,alumi-bottun,i,,,スクウェア,-square,シルバー,-04silver,0,64,0,0,,
n,alumi-bottun,i,,,スクウェア,-square,ブラック,-05black,0,93,0,0,,
n,alumi-bottun,i,,,スクウェア,-square,マゼンタ,-06magenta,0,78,0,0,,
n,alumi-bottun,i,,,パワー,-power,ブルー,-01blue,0,98,0,0,,
n,alumi-bottun,i,,,パワー,-power,レッド,-02red,0,200,0,0,,
n,alumi-bottun,i,,,パワー,-power,グレー,-03gray,0,100,0,0,,
n,alumi-bottun,i,,,パワー,-power,シルバー,-04silver,0,96,0,0,,
n,alumi-bottun,i,,,パワー,-power,ブラック,-05black,0,106,0,0,,
n,alumi-bottun,i,,,パワー,-power,マゼンタ,-06magenta,0,83,0,0,,
n,alumi-bottun,i,,,アップル,-apple,ブルー,-01blue,0,180,0,0,,
n,alumi-bottun,i,,,アップル,-apple,レッド,-02red,0,148,0,0,,
n,alumi-bottun,i,,,アップル,-apple,グレー,-03gray,0,92,0,0,,
n,alumi-bottun,i,,,アップル,-apple,シルバー,-04silver,0,231,0,0,,
n,alumi-bottun,i,,,アップル,-apple,ブラック,-05black,0,60,0,0,,
n,alumi-bottun,i,,,アップル,-apple,マゼンタ,-06magenta,0,45,0,0,,
n,alumi-bottun,i,,,ドクロ,-skull,ブルー,-01blue,0,107,0,0,,
n,alumi-bottun,i,,,ドクロ,-skull,レッド,-02red,0,99,0,0,,
n,alumi-bottun,i,,,ドクロ,-skull,グレー,-03gray,0,100,0,0,,
n,alumi-bottun,i,,,ドクロ,-skull,シルバー,-04silver,0,110,0,0,,
n,alumi-bottun,i,,,ドクロ,-skull,ブラック,-05black,0,103,0,0,,
n,alumi-bottun,i,,,ドクロ,-skull,マゼンタ,-06magenta,0,91,0,0,,
n,alumi-bottun,i,,,シリ,-siri,ブルー,-01blue,0,37,0,0,,
n,alumi-bottun,i,,,シリ,-siri,レッド,-02red,0,34,0,0,,
n,alumi-bottun,i,,,シリ,-siri,グレー,-03gray,0,34,0,0,,
n,alumi-bottun,i,,,シリ,-siri,シルバー,-04silver,0,35,0,0,,
n,alumi-bottun,i,,,シリ,-siri,ブラック,-05black,0,37,0,0,,
n,alumi-bottun,i,,,シリ,-siri,マゼンタ,-06magenta,0,100,0,0,,
n,alumi-bottun,i,,,スマイル,-smile,ブルー,-01blue,0,47,0,0,,
n,alumi-bottun,i,,,スマイル,-smile,レッド,-02red,0,44,0,0,,
n,alumi-bottun,i,,,スマイル,-smile,グレー,-03gray,0,199,0,0,,
n,alumi-bottun,i,,,スマイル,-smile,シルバー,-04silver,0,37,0,0,,
n,alumi-bottun,i,,,スマイル,-smile,ブラック,-05black,0,46,0,0,,
n,alumi-bottun,i,,,スマイル,-smile,マゼンタ,-06magenta,0,0,0,0,,
n,alumi-bottun,i,,,リボン,-ribbon,ブルー,-01blue,0,37,0,0,,
n,alumi-bottun,i,,,リボン,-ribbon,レッド,-02red,0,29,0,0,,
n,alumi-bottun,i,,,リボン,-ribbon,グレー,-03gray,0,0,0,0,,
n,alumi-bottun,i,,,リボン,-ribbon,シルバー,-04silver,0,0,0,0,,
n,alumi-bottun,i,,,リボン,-ribbon,ブラック,-05black,0,0,0,0,,
n,alumi-bottun,i,,,リボン,-ribbon,マゼンタ,-06magenta,0,0,0,0,,
n,aquos-zeta-flower,i,,, , ,レッド,-01Red,0,190,0,0,,
n,aquos-zeta-flower,i,,, , ,ピンク,-02Pnk,0,104,0,0,,
n,aquos-zeta-flower,i,,, , ,ホワイト,-03Wht,0,102,0,0,,
n,aquos-zeta-flower,i,,, , ,ミント,-04Mnt,0,91,0,0,,
n,aquos-zeta-flower,i,,, , ,レッドパープル,-05Red-Ppl,0,95,0,0,,
n,aquos-zeta-flower,i,,, , ,ブラックレッド,-06Blk-Red,0,86,0,0,,
n,aquos-zeta-flower,i,,, , ,マルチカラー,-07Malti,0,78,0,0,,
n,aquos-zeta-flower,i,,, , ,スカイブルー,-08Sky-Blue,0,76,0,0,,
n,aux-cable,i,,,<br>,,ブラック,-01Blk,0,25,0,0,,
n,aux-cable,i,,,<br>,,ホワイト,-02Wht,0,29,0,0,,
n,boris-mobilestand,i,,,<br>,,レッド,-red,0,58,0,0,,
n,boris-mobilestand,i,,,<br>,,ホワイト,-white,0,64,0,0,,
n,boris-mobilestand,i,,,<br>,,ブラック,-blk,0,18,0,0,,
n,cocophone,i,,, , ,ピンク,-1-pnk,0,77,0,0,,
n,cocophone,i,,, , ,オレンジ,-2-org,0,48,0,0,,
n,cocophone,i,,, , ,グリーン,-3-grn,0,29,0,0,,
n,cocophone,i,,, , ,ホワイト,-4-wht,0,32,0,0,,
n,cocophone,i,,, , ,ブラック,-5-blk,0,16,0,0,,
n,cocophone,i,,, , ,パープル,-6-ppl,0,66,0,0,,
n,cocophone,i,,, , ,イエロー,-7-yel,0,20,0,0,,
n,cocophone,i,,, , ,レッド,-8-red,0,9,0,0,,
n,cocophone,i,,, , ,グレープ,-9-grp,0,0,0,0,,
n,cocophone,i,,, , ,ブルー,-10-ble,0,24,0,0,,
n,ear-animal,i,,,<br>,,モカブラウン,-1-brw,0,0,0,0,,
n,ear-animal,i,,,<br>,, ストロベリーレッド,-2-red,0,1,0,0,,
n,ear-animal,i,,,<br>,,コーラルピンク,-3-pnk,0,4,0,0,,
n,ear-animal,i,,,<br>,,ミルキーホワイト,-4-wht,0,1,0,0,,
n,ear-animal,i,,,<br>,,モカブラウンハート,-h-1-brw,0,0,0,0,,
n,ear-animal,i,,,<br>,,ストロベリーレッドハート,-h-2-red,0,0,0,0,,
n,ear-animal,i,,,<br>,,ミルキーホワイトハート,-h-3-wht,0,0,0,0,,
n,ear-chain,i,,,<br>,,シルバー,-2-sil,0,55,0,0,,
n,ear-chain,i,,,<br>,,ゴールド,-1-gld,0,0,0,0,,
n,ear-crown,i,,,<br>,,ラピスラズリ,-1-rps,0,30,0,0,,
n,ear-crown,i,,,<br>,,ペリドット,-2-pri,0,29,0,0,,
n,ear-crown,i,,,<br>,,ローズ,-3-rose,0,43,0,0,,
n,ear-crown,i,,,<br>,,オパール,-4-opl,0,25,0,0,,
n,ear-furstrap,i,,,<br>,,クリーム,-1-crm,0,9,0,0,,
n,ear-furstrap,i,,,<br>,,スノーグレー,-2-sgry,0,0,0,0,,
n,ear-furstrap,i,,,<br>,,ホワイト,-3-wht,0,27,0,0,,
n,ear-furstrap,i,,,<br>,,ライトブラウン,-4-lbrw,0,20,0,0,,
n,ear-furstrap,i,,,<br>,,レッド,-5-red,0,30,0,0,,
n,ear-furstrap,i,,,<br>,,ブルー,-6-blue,0,16,0,0,,
n,ear-furstrap,i,,,<br>,,オレンジ,-7-org,0,49,0,0,,
n,ear-furstrap,i,,,<br>,,ピンク,-8-pnk,0,4,0,0,,
n,ear-furstrap,i,,,<br>,,スカイブルー,-9-sky,0,16,0,0,,
n,ear-furstrap,i,,,<br>,,ブラック,-10-blk,0,10,0,0,,
n,ear-furstrap,i,,,<br>,,モスグリーン,-11-mos,0,22,0,0,,
n,ear-furstrap,i,,,<br>,,バイオレット,-12-vio,0,7,0,0,,
n,ear-furstrap,i,,,<br>,,パッションピンク,-13-p-pink,0,1,0,0,,
n,ear-furstrap,i,,,<br>,,イエロー,-14-yel,0,9,0,0,,
n,ear-furstrap,i,,,<br>,,パープル,-15-ppl,0,9,0,0,,
n,ear-furstrap,i,,,<br>,,ライトグリーン,-16-l-green,0,0,0,0,,
n,ear-furstrap,i,,,<br>,,グレープ,-17-grp,0,7,0,0,,
n,ear-furstrap,i,,,<br>,,ベージュグレー,-18-b-glay,0,0,0,0,,
n,ear-mini-crown,i,,,<br>,,ミニ王冠,,0,24,0,0,,
n,ear-orb,i,,,<br>,,エメラルド,-1-eme,0,16,0,0,,
n,ear-orb,i,,,<br>,,アクアマリン,-2-aqa,0,28,0,0,,
n,ear-orb,i,,,<br>,,サファイア,-3-sfa,0,28,0,0,,
n,ear-orb,i,,,<br>,,ルビー,-4-rby,0,12,0,0,,
n,ear-orb,i,,,<br>,, ペリドット,-5-pri,0,0,0,0,,
n,ear-orb,i,,,<br>,,オニキス,-6-onx,0,12,0,0,,
n,ear-orb,i,,,<br>,,ヴィンテージローズ,-7-vin,0,0,0,0,,
n,ear-orb,i,,,<br>,,ローズ,-8-rose,0,20,0,0,,
n,ear-orb,i,,,<br>,,トパーズ,-9-tpa,0,30,0,0,,
n,ear-orb,i,,,<br>,,ミックス,-10-mix,0,0,0,0,,
n,ear-pods,i,,,<br>,,ホワイト,-01white,0,142,0,0,,
n,ear-pods,i,,,<br>,,ブラック,-2-black,0,37,0,0,,
n,ear-pods,i,,,<br>,,レッド,-3-red,0,45,0,0,,
n,ear-pods,i,,,<br>,,ピンク,-04pink,0,137,0,0,,
n,ear-pods,i,,,<br>,,ブルー,-5-blue,0,51,0,0,,
n,ear-pods,i,,,<br>,,グリーン,-06green,0,60,0,0,,
n,ear-pods,i,,,<br>,,パープル,-07purple,0,58,0,0,,
n,ear-pods,i,,,<br>,,オレンジ,-08orange,0,63,0,0,,
n,ear-ribbon,i,,,<br>,,ピンク,-1-pnk,0,1,0,0,,
n,ear-ribbon,i,,,<br>,,ブラック,-2-blk,0,1,0,0,,
n,ear-ribbon,i,,,<br>,,ベージュ,-3-bei,0,0,0,0,,
n,ear-ribbon,i,,,<br>,,ホワイト,-4-wht,0,18,0,0,,
n,ear-ribbon,i,,,<br>,,レッド,-5-red,0,0,0,0,,
n,ear-ribbon,i,,,<br>,,パッションピンク,-6-ppnk,0,0,0,0,,
n,ear-ribbon,i,,,<br>,,パープル,-7-ppl,0,18,0,0,,
n,ear-swarovski,i,,,<br>,,オニキス,-1-oni,0,9,0,0,,
n,ear-swarovski,i,,,<br>,,ダイヤモンド,-2-dai,0,0,0,0,,
n,ear-swarovski,i,,,<br>,,サンフラワー,-3-sun,0,0,0,0,,
n,ear-swarovski,i,,,<br>,,ヴィンテージローズ,-4-vrose,0,0,0,0,,
n,ear-swarovski,i,,,<br>,,ライトローズ,-5-rrose,0,0,0,0,,
n,ear-swarovski,i,,,<br>,,ローズ,-6-rose,0,0,0,0,,
n,ear-swarovski,i,,,<br>,,エメラルド,-7-eme,0,0,0,0,,
n,ear-swarovski,i,,,<br>,,ペリドット,-8-peri,0,58,0,0,,
n,ear-swarovski,i,,,<br>,,ルビー,-9-rub,0,49,0,0,,
n,ear-swarovski,i,,,<br>,,アクアマリン,-10-aqa,0,0,0,0,,
n,ear-swarovski,i,,,<br>,,サファイア,-11-saf,0,0,0,0,,
n,ear-swarovski,i,,,<br>,,タンザナイト,-12-tan,0,0,0,0,,
n,ear-swarovski,i,,,<br>,,ラピスラズリ,-13-rapi,0,57,0,0,,
n,ear-swarovski,i,,,<br>,,ターコイズ,-14-tar,0,0,0,0,,
n,fur-strap,i,,,<br>,,ディープパープル,-01ppl,0,0,0,0,,
n,fur-strap,i,,,<br>,,ブラック,-02blk,0,5,0,0,,
n,fur-strap,i,,,<br>,,ダークグレー,-03Dglay,0,1,0,0,,
n,fur-strap,i,,,<br>,,ライトベージュ,-04Lbeige,0,1,0,0,,
n,fur-strap,i,,,<br>,,グレー,-05glay,0,4,0,0,,
n,fur-strap,i,,,<br>,,グレーホワイト,-06glay-wht,0,0,0,0,,
n,fur-strap,i,,,<br>,,イエロー,-07ylw,0,0,0,0,,
n,fur-strap,i,,,<br>,,ネイビー,-08navy,0,1,0,0,,
n,fur-strap,i,,,<br>,,ブラウン,-09brw,0,3,0,0,,
n,fur-strap,i,,,<br>,,ベージュグレー,-10beige-glay,0,0,0,0,,
n,fur-strap,i,,,<br>,,パッションピンク,-11Ppink,0,0,0,0,,
n,fur-strap,i,,,<br>,,ピンク,-12pink,0,0,0,0,,
n,fur-strap,i,,,<br>,,ベージュ,-13beige,0,0,0,0,,
n,fur-strap,i,,,<br>,,ホワイト,-14wht,0,7,0,0,,
n,gala-note3-diary,i,,, , ,ブラック,-01Blk,0,31,0,0,,
n,gala-note3-diary,i,,, , ,ホワイト,-02Wht,0,22,0,0,,
n,gala-note3-diary,i,,, , ,ブラウン,-03Brn,0,21,0,0,,
n,gala-note3-diary,i,,, , ,レッド,-04Red,0,0,0,0,,
n,gala-note3-diary,i,,, , ,ピンク,-05Pnk,0,22,0,0,,
n,gala-note3-diary,i,,, , ,マゼンタ,-06Mgt,0,19,0,0,,
n,gala-note3-screen,i,,, , ,グレア,-01Glare,0,200,0,0,,
n,gala-note3-screen,i,,, , ,ノングレア,-02Non-Glare,0,199,0,0,,
n,gala-s3-block,i,,,s3,-S3,ホワイト,-01Wht,0,21,0,0,,
n,gala-s3-block,i,,,s3,-S3,ブラック,-02Blk,0,0,0,0,,
n,gala-s3-block,i,,,s3,-S3,レッド,-03Red,0,11,0,0,,
n,gala-s3-block,i,,,s3,-S3,ピンク,-04Pnk,0,0,0,0,,
n,gala-s3-block,i,,,s3,-S3,ブルー,-05Blu,0,20,0,0,,
n,gala-s3-block,i,,,s3,-S3,アクア,-06Aqua,0,21,0,0,,
n,gala-s3-block,i,,,s3,-S3,イエロー,-07Ylw,0,0,0,0,,
n,gala-s3-block,i,,,s3,-S3,オレンジ,-08Org,0,14,0,0,,
n,gala-s3-block,i,,,s3,-S3,グリーン,-09Grn,0,6,0,0,,
n,gala-s3-block,i,,,s3,-S3,グレー,-10Gly,0,19,0,0,,
n,gala-s3-block,i,,,s3,-S3,ローズ,-11Rose,0,16,0,0,,
n,gala-s3-block,i,,,s3,-S3,パープル,-12Ppl,0,19,0,0,,
n,gala-s3-block,i,,,s4,-S4,ホワイト,-01Wht,0,19,0,0,,
n,gala-s3-block,i,,,s4,-S4,ブラック,-02Blk,0,20,0,0,,
n,gala-s3-block,i,,,s4,-S4,レッド,-03Red,0,30,0,0,,
n,gala-s3-block,i,,,s4,-S4,ピンク,-04Pnk,0,20,0,0,,
n,gala-s3-block,i,,,s4,-S4,ブルー,-05Blu,0,0,0,0,,
n,gala-s3-block,i,,,s4,-S4,アクア,-06Aqua,0,18,0,0,,
n,gala-s3-block,i,,,s4,-S4,イエロー,-07Ylw,0,18,0,0,,
n,gala-s3-block,i,,,s4,-S4,オレンジ,-08Org,0,20,0,0,,
n,gala-s3-block,i,,,s4,-S4,グリーン,-09Grn,0,20,0,0,,
n,gala-s3-block,i,,,s4,-S4,グレー,-10Gly,0,20,0,0,,
n,gala-s3-block,i,,,s4,-S4,ローズ,-11Rose,0,0,0,0,,
n,gala-s3-block,i,,,s4,-S4,パープル,-12Ppl,0,0,0,0,,
n,gala-silicone,i,,,<br>,,ブラック,-1-blk,0,26,0,0,,
n,gala-silicone,i,,,<br>,,ホワイト,-2-wht,0,20,0,0,,
n,gala-silicone,i,,,<br>,,パープル,-3-ppl,0,22,0,0,,
n,gala-silicone,i,,,<br>,,レッド,-4-red,0,20,0,0,,
n,gala-silicone,i,,,<br>,,ターコイズ,-5-tar,0,18,0,0,,
n,gala-silicone,i,,,<br>,,ピンク,-6-pnk,0,27,0,0,,
n,gala-silicone,i,,,<br>,,グリーン,-7-grn,0,16,0,0,,
n,gala-silicone,i,,,<br>,,ブルー,-8-blue,0,18,0,0,,
n,gala-silicone,i,,,<br>,,オレンジ,-9-org,0,23,0,0,,
n,gala-silicone,i,,,<br>,,イエロー,-10-yel,0,25,0,0,,
n,gala-silicone,i,,,<br>,,ベビーピンク,-11-baby,0,21,0,0,,
n,galaxy-note3-flower,i,,, , ,ブラック,-01Blk,0,0,0,0,,
n,galaxy-note3-flower,i,,, , ,ホワイト,-02Wht,0,200,0,0,,
n,galaxy-note3-flower,i,,, , ,レッド,-03Red,0,200,0,0,,
n,galaxy-note3-flower,i,,, , ,ピンク,-04Pnk,0,200,0,0,,
n,galaxy-note3-flower,i,,, , ,ミント,-05Mnt,0,0,0,0,,
n,galaxy-note3-flower,i,,, , ,レッドパープル,-06Red-Pur,0,200,0,0,,
n,galaxy-note3-flower,i,,, , ,ブラックレッド,-07Blk-Red,0,199,0,0,,
n,galaxy-note3-flower,i,,, , ,マルチカラー,-08Multi,0,0,0,0,,
n,galaxy-s3-flower,i,,, , ,レッド,-01Red,0,180,0,0,,
n,galaxy-s3-flower,i,,, , ,ピンク,-02Pnk,0,224,0,0,,
n,galaxy-s3-flower,i,,, , ,ブラック,-03Blk,0,193,0,0,,
n,galaxy-s3-flower,i,,, , ,ミント,-04Mnt,0,179,0,0,,
n,galaxy-s3-flower,i,,, , ,ホワイト,-05Wht,0,86,0,0,,
n,galaxy-s3-flower,i,,, , ,レッドパープル,-06Red-Pur,0,146,0,0,,
n,galaxy-s3-flower,i,,, , ,マルチカラー,-07Malti,0,19,0,0,,
n,galaxy-s3-flower,i,,, , ,スカイブルー,-08Sky-Blu,0,283,0,0,,
n,galaxy-s3-flower,i,,, , ,ブラックレッド,-09Blk-Red,0,161,0,0,,
n,galaxy-s4-african,i,,,<br>,,ブルー,-01Blu,0,19,0,0,,
n,galaxy-s4-african,i,,,<br>,,ピンク,-02Pnk,0,20,0,0,,
n,galaxy-s4-african,i,,,<br>,,グリーン,-03Grn,0,12,0,0,,
n,galaxy-s4-african,i,,,<br>,,レッド,-04Red,0,10,0,0,,
n,galaxy-s4-african,i,,,<br>,,ブラック,-05Blk,0,17,0,0,,
n,galaxy-s4-african,i,,,<br>,,パープル,-06Ppl,0,10,0,0,,
n,galaxy-s4-african,i,,,<br>,,イエロー,-07Ylw,0,11,0,0,,
n,galaxy-s4-flower,i,,, , ,レッド,-01Red,0,242,0,0,,
n,galaxy-s4-flower,i,,, , ,ピンク,-02Pnk,0,0,0,0,,
n,galaxy-s4-flower,i,,, , ,ミント,-03Mnt,0,99,0,0,,
n,galaxy-s4-flower,i,,, , ,ブラック,-04Blk,0,96,0,0,,
n,galaxy-s4-flower,i,,, , ,ホワイト,-05Wht,0,91,0,0,,
n,galaxy-s4-flower,i,,, , ,レッドパープル,-06Red-Pur,0,88,0,0,,
n,galaxy-s4-flower,i,,, , ,マルチカラー,-07Malti,0,87,0,0,,
n,galaxy-s4-flower,i,,, , ,スカイブルー,-08Sky-Blue,0,101,0,0,,
n,galaxy-s4-metalbumper,i,,,<br>,,グレー,-01Gly,0,13,0,0,,
n,galaxy-s4-metalbumper,i,,,<br>,,シルバー,-02Slv,0,5,0,0,,
n,galaxy-s4-metalbumper,i,,,<br>,,ブルー,-03Blu,0,8,0,0,,
n,galaxy-s4-metalbumper,i,,,<br>,,レッド,-04Red,0,5,0,0,,
n,galaxy-s4-metalbumper,i,,,<br>,,ピンク,-05Pnk,0,4,0,0,,
n,galaxy-s4-metalbumper,i,,,<br>,,ブラウン,-06Brw,0,5,0,0,,
n,galaxy-s4-penguin,i,,,<br>,,ブラック,-01Blk,0,7,0,0,,
n,galaxy-s4-penguin,i,,,<br>,,ホワイト,-02Wht,0,10,0,0,,
n,galaxy-s4-penguin,i,,,<br>,,イエロー,-03Ylw,0,8,0,0,,
n,galaxy-s4-penguin,i,,,<br>,,ブルー,-04Blu,0,9,0,0,,
n,galaxy-s4-penguin,i,,,<br>,,ピンク,-05Pnk,0,19,0,0,,
n,galaxy-s4-penguin,i,,,<br>,,レッド,-06Red,0,10,0,0,,
n,galaxy-s4-rainbow,i,,,<br>,,ブラック,-01Blk,0,19,0,0,,
n,galaxy-s4-rainbow,i,,,<br>,,ホワイト,-02Wht,0,19,0,0,,
n,galaxy-s4-rainbow,i,,,<br>,,レッド,-03Red,0,10,0,0,,
n,galaxy-s4-rainbow,i,,,<br>,,ピンク,-04Pnk,0,20,0,0,,
n,galaxy-s4-rainbow,i,,,<br>,,マゼンタ,-05Mgt,0,20,0,0,,
n,galaxy-s4-rainbow,i,,,<br>,,ブルー,-06Blu,0,10,0,0,,
n,galaxy-s4-rainbow,i,,,<br>,,パープル,-07Ppl,0,10,0,0,,
n,galaxy-s4-rainbow,i,,,<br>,,オレンジ,-08Org,0,10,0,0,,
n,galaxy-s4-rainbow,i,,,<br>,,イエロー,-09Yrw,0,10,0,0,,
n,galaxy-s4-rainbow,i,,,<br>,,グリーン,-10Grn,0,10,0,0,,
n,gas4-bumpercase,i,,,<br>,,ホワイト,-01white,0,87,0,0,,
n,gas4-bumpercase,i,,,<br>,,ブラック,-02black,0,85,0,0,,
n,gas4-bumpercase,i,,,<br>,, スカイブルー,-03skyblue,0,42,0,0,,
n,gas4-bumpercase,i,,,<br>,,ラベンダー,-04lavender,0,35,0,0,,
n,gas4-bumpercase,i,,,<br>,,ターコイズ,-05turquoise,0,38,0,0,,
n,gas4-bumpercase,i,,,<br>,,ライトグリーン,-06lightgreen,0,30,0,0,,
n,gas4-bumpercase,i,,,<br>,,クリーム,-07cream,0,45,0,0,,
n,gas4-bumpercase,i,,,<br>,,ライム,-08lime,0,45,0,0,,
n,gas4-carbon,i,,,<br>,,ホワイト,-01white,0,20,0,0,,
n,gas4-carbon,i,,,<br>,,ブラック,-02black,0,18,0,0,,
n,gas4-carbon,i,,,<br>,,ブルー,-03blue,0,30,0,0,,
n,gas4-carbon,i,,,<br>,, レッド,-04red,0,29,0,0,,
n,gas4-carbon,i,,,<br>,,イエロー,-06yellow,0,29,0,0,,
n,gas4-case,i,,,<br>,,クリア,-01clear,0,513,0,0,,
n,gas4-case,i,,,<br>,,ブラック,-2-black,0,285,0,0,,
n,gas4-case,i,,,<br>,,ホワイト,-03white,0,262,0,0,,
n,gas4-diary-quilting,i,,,<br>,,ブラック,-01blk,0,18,0,0,,
n,gas4-diary-quilting,i,,,<br>,,ホワイト,-02wht,0,21,0,0,,
n,gas4-diary-quilting,i,,,<br>,,レッド,-03red,0,50,0,0,,
n,gas4-diary-quilting,i,,,<br>,,ピンク,-04pnk,0,38,0,0,,
n,gas4-diary-quilting,i,,,<br>,,マゼンタ,-05mgt,0,45,0,0,,
n,gas4-diary-quilting,i,,,<br>,,ブラウン,-06brn,0,22,0,0,,
n,gas4-diary-quilting,i,,,<br>,,ブルー,-07blu,0,0,0,0,,
n,gas4-diary-quilting,i,,,<br>,,ブラック/エナメル,-08blk-ena,0,86,0,0,,
n,gas4-diary-quilting,i,,,<br>,,ホワイト/エナメル,-09wht-ena,0,47,0,0,,
n,gas4-diary-quilting,i,,,<br>,,マゼンタ/エナメル,-10mgt-ena,0,48,0,0,,
n,gas4-metarcase,i,,,<br>,,ブラック,-01black,0,47,0,0,,
n,gas4-metarcase,i,,,<br>,,シルバー,-02silver,0,40,0,0,,
n,gas4-quilting,i,,,<br>,,ブラック,-01blk,0,225,0,0,,
n,gas4-quilting,i,,,<br>,,ホワイト,-02wht,0,202,0,0,,
n,gas4-quilting,i,,,<br>,, レッド,-03red,0,190,0,0,,
n,gas4-quilting,i,,,<br>,,ピンク,-04pnk,0,159,0,0,,
n,highcapacity-buttery,i,,, , ,ホワイト,-white,0,26,0,0,,
n,highcapacity-buttery,i,,, , ,オレンジ,-orange,0,0,0,0,,
n,highcapacity-buttery,i,,, , ,ブラック,-black,0,16,0,0,,
n,highcapacity-buttery,i,,, , ,レッド,-red,0,45,0,0,,
n,highcapacity-buttery,i,,, , ,ブルー,-blue,0,46,0,0,,
n,htcj-butterfly-flower,i,,, , ,レッド,-01Red,0,294,0,0,,
n,htcj-butterfly-flower,i,,, , ,ブラック,-02Blk,0,305,0,0,,
n,htcj-butterfly-flower,i,,, , ,ピンク,-03Pnk,0,194,0,0,,
n,htcj-butterfly-flower,i,,, , ,ミント,-04Mnt,0,95,0,0,,
n,htcj-butterfly-flower,i,,, , ,ホワイト,-05Wht,0,82,0,0,,
n,htcj-butterfly-flower,i,,, , ,レッドパープル,-06Red-Pur,0,57,0,0,,
n,htcj-butterfly-flower,i,,, , ,ブラックレッド,-07Blk-Red,0,19,0,0,,
n,htcj-butterfly-flower,i,,, , ,マルチカラー,-08Multi,0,0,0,0,,
n,htcj-butterfly-flower,i,,, , ,スカイブルー,-09Sky-Blu,0,77,0,0,,
n,htcj-one-flower,i,,, , ,レッド,-01Red,0,37,0,0,,
n,htcj-one-flower,i,,, , ,ブラック,-02Blk,0,77,0,0,,
n,htcj-one-flower,i,,, , ,ピンク,-03Pnk,0,158,0,0,,
n,htcj-one-flower,i,,, , ,ミント,-04Mnt,0,57,0,0,,
n,htcj-one-flower,i,,, , ,レッドパープル,-05Red-Ppl,0,48,0,0,,
n,ip5-dustcover,i,,,<br>,,マゼンタ,-01mgt,0,155,0,0,,
n,ip5-dustcover,i,,,<br>,,ブラック,-02blk,0,134,0,0,,
n,ip5-dustcover,i,,,<br>,,ホワイト,-03wht,0,137,0,0,,
n,ip5-dustcover,i,,,<br>,,ブルー,-04blu,0,77,0,0,,
n,ip5-dustcover,i,,,<br>,,グリーン,-05grn,0,76,0,0,,
n,ip5-dustcover,i,,,<br>,,パープル,-06pur,0,77,0,0,,
n,ip5-dustcover,i,,,<br>,,ピンク,-07pnk,0,155,0,0,,
n,ip5-dustcover,i,,,<br>,,クリア, -08clr,0,173,0,0,,
n,ipadmini-360,i,,,<br>,,ブラック,-1-blk,0,17,0,0,,
n,ipadmini-360,i,,,<br>,,ブラウン, -02-brw,0,25,0,0,,
n,ipadmini-360,i,,,<br>,,レッド, -03-red,0,19,0,0,,
n,ipadmini-360,i,,,<br>,,オレンジ,-4-org,0,12,0,0,,
n,ipadmini-360,i,,,<br>,,グリーン,-5-grn,0,24,0,0,,
n,ipadmini-360,i,,,<br>,,パープル,-6-ppl,0,29,0,0,,
n,ipadmini-360,i,,,<br>,,ピンク,-7-pnk,0,30,0,0,,
n,ipadmini-360,i,,,<br>,,スカイブルー, -08-sky,0,27,0,0,,
n,ipadmini-360,i,,,<br>,,ホワイト,-9-wht,0,28,0,0,,
n,ipadmini-360,i,,,<br>,,ブルー,-10-blue,0,23,0,0,,
n,ipadmini-360,i,,,<br>,,イエロー,-11-yel,0,0,0,0,,
n,ipadmini-360,i,,,<br>,,マゼンタ,-12-mag,0,24,0,0,,
n,ipadmini-chaneltype,i,,,<br>,,ブラック,-1-blk,0,39,0,0,,
n,ipadmini-chaneltype,i,,,<br>,,レッド,-2-red,0,30,0,0,,
n,ipadmini-chaneltype,i,,,<br>,,ホワイト,-3-wht,0,38,0,0,,
n,ipadmini-chaneltype,i,,,<br>,,ローズ,-4-rose,0,33,0,0,,
n,ipadmini-chaneltype,i,,,<br>,,パープル,-5-ppl,0,32,0,0,,
n,ipadmini-chaneltype,i,,,<br>,,ピンク, -06-pnk,0,27,0,0,,
n,ipadmini-chaneltype,i,,,<br>,,ブルー,-7-blue,0,25,0,0,,
n,ipadmini-chaneltype,i,,,<br>,,オレンジ,-8-org,0,33,0,0,,
n,ipadmini-cover,i,,,<br>,,ブルー,-1-blue,0,0,0,0,,
n,ipadmini-cover,i,,,<br>,,オレンジ,-2-org,0,0,0,0,,
n,ipadmini-cover,i,,,<br>,,グリーン,-3-grn,0,1,0,0,,
n,ipadmini-cover,i,,,<br>,,グレー,-4-gry,0,15,0,0,,
n,ipadmini-cover,i,,,<br>,,ホワイト,-5-wht,0,7,0,0,,
n,ipadmini-cover,i,,,<br>,,ブラック,-6-blk,0,17,0,0,,
n,ipadmini-cover,i,,,<br>,,レッド,-7-red,0,1,0,0,,
n,ipadmini-screen,i,,,グレア,-1-gr,,,0,186,0,0,,
n,ipadmini-screen,i,,,ノングレア,-2-no,,,0,127,0,0,,
n,iphone4-flower,i,,, , ,レッド,-01Red,0,571,0,0,,
n,iphone4-flower,i,,, , ,ブラック,-02Blk,0,589,0,0,,
n,iphone4-flower,i,,, , ,ピンク,-03Pnk,0,582,0,0,,
n,iphone4-flower,i,,, , ,ミント,-04Mnt,0,561,0,0,,
n,iphone4-flower,i,,, , ,ホワイト,-05Wht,0,655,0,0,,
n,iphone4-flower,i,,, , ,レッドパープル,-06Red-Pur,0,549,0,0,,
n,iphone4-flower,i,,, , ,マルチカラー,-07Malti,0,883,0,0,,
n,iphone4-flower,i,,, , ,スカイブルー,-08Sky-Blue,0,673,0,0,,
n,iphone4-flower,i,,, , ,ブラックレッド,-09Blk-Red,0,974,0,0,,
n,iphone5-9hscreen,i,,,<br>,,iPhone5/5S,-#REF!,0,113,0,0,,
n,iphone5-9hscreen,i,,,<br>,,iPhone5C,-iP5-C,0,142,0,0,,
n,iphone5-african,i,,,<br>,,ホワイト,-01Wht,0,19,0,0,,
n,iphone5-african,i,,,<br>,,ブルー,-02Blu,0,17,0,0,,
n,iphone5-african,i,,,<br>,,レッド,-03Red,0,8,0,0,,
n,iphone5-african,i,,,<br>,,グレー,-04Gry,0,10,0,0,,
n,iphone5-african,i,,,<br>,,イエロー,-05Ylw,0,9,0,0,,
n,iphone5-african,i,,,<br>,,グリーン,-06Grn,0,5,0,0,,
n,iphone5-african,i,,,<br>,,ブラック,-07Blk,0,18,0,0,,
n,iphone5-african,i,,,<br>,,ピンク,-08Pnk,0,13,0,0,,
n,iphone5-african,i,,,<br>,,パープル,-09Ppl,0,4,0,0,,
n,iphone5-arm,i,,,<br>,,ホワイト,-7-wht,0,83,0,0,,
n,iphone5-arm,i,,,<br>,,レッド,-1-red,0,0,0,0,,
n,iphone5-arm,i,,,<br>,,ブルー,-2-blue,0,0,0,0,,
n,iphone5-arm,i,,,<br>,,ブラック,-3-blk,0,0,0,0,,
n,iphone5-arm,i,,,<br>,,ピンク,-4-pnk,0,78,0,0,,
n,iphone5-arm,i,,,<br>,,パープル,-5-ppl,0,0,0,0,,
n,iphone5-arm,i,,,<br>,,グレー,-6-gry,0,0,0,0,,
n,iphone5-arm,i,,,<br>,,グレープ,-8-grape,0,13,0,0,,
n,iphone5-bagcase,i,,,<br>,,ホワイト,-white,0,12,0,0,,
n,iphone5-bagcase,i,,,<br>,, レッド,-red,0,15,0,0,,
n,iphone5-bagcase,i,,,<br>,,ピンク,-pink,0,11,0,0,,
n,iphone5-bagcase,i,,,<br>,,オレンジ,-orange,0,6,0,0,,
n,iphone5-bagcase,i,,,<br>,,マゼンタ,-magenta,0,18,0,0,,
n,iphone5-bagcase,i,,,<br>,,パープル,-purple,0,7,0,0,,
n,iphone5-bagcase,i,,,<br>,,ブルー,-blue,0,26,0,0,,
n,iphone5-bagcase,i,,,<br>,,スカイブルー,-skyblue,0,9,0,0,,
n,iphone5-bagcase,i,,,<br>,,グリーン,-green,0,8,0,0,,
n,iphone5-bamboo,i,,,<br>,,ブラウン,-01brw,0,30,0,0,,
n,iphone5-bamboo,i,,,<br>,,ナチュラル,-02ntr,0,25,0,0,,
n,iphone5-block,i,,,<br>,,レッド,-1-red,0,46,0,0,,
n,iphone5-block,i,,,<br>,,ブルー,-2-blue,0,0,0,0,,
n,iphone5-block,i,,,<br>,,イエロー,-3-yel,0,59,0,0,,
n,iphone5-block,i,,,<br>,,グレー,-4-gry,0,17,0,0,,
n,iphone5-block,i,,,<br>,,グリーン,-5-grn,0,29,0,0,,
n,iphone5-block,i,,,<br>,,ブラック,-6-blk,0,51,0,0,,
n,iphone5-block,i,,,<br>,,ホワイト,-10-wht,0,71,0,0,,
n,iphone5-block,i,,,<br>,,パープル,-8-ppl,0,49,0,0,,
n,iphone5-block,i,,,<br>,,オレンジ,-9-org,0,0,0,0,,
n,iphone5-block,i,,,<br>,,ピンク/レッド,-11-pnkred,0,65,0,0,,
n,iphone5-block,i,,,<br>,,ピンク/ブラック,-12-pnkblk,0,16,0,0,,
n,iphone5-block,i,,,<br>,,ピンク/パープル,-13-pnkppl,0,48,0,0,,
n,iphone5-bumper-1tone,i,,,<br>,,ホワイト,-white,0,0,0,0,,
n,iphone5-bumper-1tone,i,,,<br>,,ブラック,-black,0,0,0,0,,
n,iphone5-bumper-1tone,i,,,<br>,,ピンク,-pink,0,7,0,0,,
n,iphone5-bumper-1tone,i,,,<br>,,レッド,-red,0,14,0,0,,
n,iphone5-bumper-1tone,i,,,<br>,,イエロー,-yellow,0,10,0,0,,
n,iphone5-bumper-1tone,i,,,<br>,,オレンジ,-orange,0,10,0,0,,
n,iphone5-bumper-1tone,i,,,<br>,,グリーン,-green,0,2,0,0,,
n,iphone5-bumper-1tone,i,,,<br>,,ブルー,-blue,0,17,0,0,,
n,iphone5-bumper-1tone,i,,,<br>,,アクア, -aqua,0,0,0,0,,
n,iphone5-bumper-1tone,i,,,<br>,,シルバー,-silver,0,0,0,0,,
n,iphone5-bumper-2tone,i,,, , ,ブラックピンク,-blk-pink,0,18,0,0,,
n,iphone5-bumper-2tone,i,,, , ,ブラックレッド,-black-red,0,12,0,0,,
n,iphone5-bumper-2tone,i,,, , ,ブラックオレンジ,-blk-org,0,11,0,0,,
n,iphone5-bumper-2tone,i,,, , ,ブラックグリーン,-blk-green,0,14,0,0,,
n,iphone5-bumper-2tone,i,,, , ,ブラックブルー,-blk-blue,0,1,0,0,,
n,iphone5-bumper-2tone,i,,, , ,ブラックイエロー,-blk-yel,0,10,0,0,,
n,iphone5-bumper-2tone,i,,, , ,レッドホワイト,-red-wht,0,22,0,0,,
n,iphone5-bumper-2tone,i,,, , ,グリーンホワイト,-grn-wht,0,12,0,0,,
n,iphone5-bumper-2tone,i,,, , ,ブルーホワイト,-blu-wht,0,9,0,0,,
n,iphone5-bumper-2tone,i,,, , ,ピンクホワイト,-pnk-wht,0,30,0,0,,
n,iphone5-bumper-2tone,i,,, , ,オレンジホワイト,-org-wht,0,10,0,0,,
n,iphone5-bumpercase,i,,,<br>,,マゼンタ,-01mgt,0,138,0,0,,
n,iphone5-bumpercase,i,,,<br>,,スカイブルー,-02sky,0,115,0,0,,
n,iphone5-bumpercase,i,,,<br>,,ピンク,-03pnk,0,132,0,0,,
n,iphone5-bumpercase,i,,,<br>,,ホワイト,-04wht,0,121,0,0,,
n,iphone5-bumpercase,i,,,<br>,,ライトグリーン,-05Lgr,0,13,0,0,,
n,iphone5-bumpercase,i,,,<br>,,ターコイズ,-06tqs,0,92,0,0,,
n,iphone5-bumpercase,i,,,<br>,,ブラック,-07blk,0,116,0,0,,
n,iphone5-bumpercase,i,,,<br>,,ラベンダー,-08lvd,0,93,0,0,,
n,iphone5-bumpercase,i,,,<br>,,ライム,-09lime,0,109,0,0,,
n,iphone5-bumpercase,i,,,<br>,,クリーム,-10crm,0,144,0,0,,
n,iphone5c-05color,i,,,ツヤありタイプ,-paki,ホワイト,-01Wht,0,147,0,0,,
n,iphone5c-05color,i,,,ツヤありタイプ,-paki,ブラック,-02Blk,0,149,0,0,,
n,iphone5c-05color,i,,,ツヤありタイプ,-paki,レッド,-03Red,0,0,0,0,,
n,iphone5c-05color,i,,,ツヤありタイプ,-paki,マゼンタ,-04Mgt,0,0,0,0,,
n,iphone5c-05color,i,,,ツヤありタイプ,-paki,ピンク,-05Pnk,0,149,0,0,,
n,iphone5c-05color,i,,,ツヤありタイプ,-paki,オレンジ,-06Org,0,0,0,0,,
n,iphone5c-05color,i,,,ツヤありタイプ,-paki,イエロー,-07Ylw,0,99,0,0,,
n,iphone5c-05color,i,,,ツヤありタイプ,-paki,パープル,-08Ppl,0,0,0,0,,
n,iphone5c-05color,i,,,ツヤありタイプ,-paki,ブルー,-09Blu,0,97,0,0,,
n,iphone5c-05color,i,,,ツヤありタイプ,-paki,アクア,-10Aqa,0,0,0,0,,
n,iphone5c-05color,i,,,ツヤありタイプ,-paki,クリア,-11Clear,0,92,0,0,,
n,iphone5c-05color,i,,,ツヤなしタイプ,-moya,ホワイト,-01Wht,0,198,0,0,,
n,iphone5c-05color,i,,,ツヤなしタイプ,-moya,ブラック,-02Blk,0,200,0,0,,
n,iphone5c-05color,i,,,ツヤなしタイプ,-moya,レッド,-03Red,0,100,0,0,,
n,iphone5c-05color,i,,,ツヤなしタイプ,-moya,マゼンタ,-04Mgt,0,99,0,0,,
n,iphone5c-05color,i,,,ツヤなしタイプ,-moya,ピンク,-05Pnk,0,99,0,0,,
n,iphone5c-05color,i,,,ツヤなしタイプ,-moya,オレンジ,-06Org,0,100,0,0,,
n,iphone5c-05color,i,,,ツヤなしタイプ,-moya,イエロー,-07Ylw,0,99,0,0,,
n,iphone5c-05color,i,,,ツヤなしタイプ,-moya,パープル,-08Ppl,0,100,0,0,,
n,iphone5c-05color,i,,,ツヤなしタイプ,-moya,ブルー,-09Blu,0,49,0,0,,
n,iphone5c-05color,i,,,ツヤなしタイプ,-moya,アクア,-10Aqa,0,100,0,0,,
n,iphone5c-05color,i,,,ツヤなしタイプ,-moya,クリア,-11Clear,0,48,0,0,,
n,iphone5-carbon-270,i,,,<br>,,ブラック,-1-blk,0,0,0,0,,
n,iphone5-carbon-270,i,,,<br>,,シルバー,-2-sil,0,0,0,0,,
n,iphone5-carbon-270,i,,,<br>,,ブルー,-3-blue,0,22,0,0,,
n,iphone5-carbon-270,i,,,<br>,,ピンク,-4-pnk,0,19,0,0,,
n,iphone5-carbon-metal,i,,,<br>,,ブラック,-1-blk,0,0,0,0,,
n,iphone5-carbon-metal,i,,,<br>,,ホワイト,-2-wht,0,129,0,0,,
n,iphone5-carbon-skin,i,,,<br>,,シルバー,-1-sil,0,94,0,0,,
n,iphone5-carbon-skin,i,,,<br>,,ブラック,-2-blk,0,89,0,0,,
n,iphone5-carbon-skin,i,,,<br>,,ホワイト,-3-wht,0,97,0,0,,
n,iphone5c-bumper-2tone,i,,,<br>,,レッド,-01Red,0,0,0,0,,
n,iphone5c-bumper-2tone,i,,,<br>,,ブルー,-02Blu,0,38,0,0,,
n,iphone5c-bumper-2tone,i,,,<br>,,イエロー,-03Ylw,0,45,0,0,,
n,iphone5c-bumper-2tone,i,,,<br>,,パープル,-04Ppl,0,49,0,0,,
n,iphone5c-bumper-2tone,i,,,<br>,,マゼンタ,-05Mgt,0,96,0,0,,
n,iphone5c-bumper-2tone,i,,,<br>,,グリーン,-06Grn,0,43,0,0,,
n,iphone5c-bumpercase,i,,,<br>,,ブラック,-01Blk,0,57,0,0,,
n,iphone5c-bumpercase,i,,,<br>,,ホワイト,-02Wht,0,75,0,0,,
n,iphone5c-bumpercase,i,,,<br>,,マゼンタ,-03Mgt,0,83,0,0,,
n,iphone5c-bumpercase,i,,,<br>,,ピンク,-04Pnk,0,76,0,0,,
n,iphone5c-bumpercase,i,,,<br>,,ライム,-05Lim,0,31,0,0,,
n,iphone5c-bumpercase,i,,,<br>,,クリーム,-06Crm,0,39,0,0,,
n,iphone5c-bumpercase,i,,,<br>,,ターコイズ,-07Tqe,0,27,0,0,,
n,iphone5c-bumpercase,i,,,<br>,,ラベンダー,-08lvr,0,15,0,0,,
n,iphone5c-bumpercase,i,,,<br>,,スカイブルー,-09S-blu,0,29,0,0,,
n,iphone5c-bumpercase,i,,,<br>,,ライトグリーン,-10L-grn,0,35,0,0,,
n,iphone-5c-flower,i,,, , ,ブラック,-01Blk,0,416,0,0,,
n,iphone-5c-flower,i,,, , ,ホワイト,-02Wht,0,411,0,0,,
n,iphone-5c-flower,i,,, , ,レッド,-03Red,0,454,0,0,,
n,iphone-5c-flower,i,,, , ,ピンク,-04Pnk,0,373,0,0,,
n,iphone-5c-flower,i,,, , ,ミント,-05Mnt,0,447,0,0,,
n,iphone-5c-flower,i,,, , ,レッドパープル,-06Red-Pur,0,446,0,0,,
n,iphone-5c-flower,i,,, , ,ブラックレッド,-07Blk-Red,0,277,0,0,,
n,iphone-5c-flower,i,,, , ,マルチカラー,-08Multi,0,417,0,0,,
n,iphone-5c-flower,i,,, , ,スカイブルー,-09Sky-Blu,0,265,0,0,,
n,iphone5-chaneltype,i,,,<br>,,ブラックレザー×シルバー,-1-blk-sil,0,219,0,0,,
n,iphone5-chaneltype,i,,,<br>,,ホワイト×シルバー,-2-wht-sil,0,314,0,0,,
n,iphone5-chaneltype,i,,,<br>,,ホワイト×ゴールド,-3-wht-gld,0,325,0,0,,
n,iphone5-chaneltype,i,,,<br>,,ピンク×シルバー,-4-pnk-sil,0,341,0,0,,
n,iphone5-chaneltype,i,,,<br>,,ミント×シルバー, -05-mnt-sil,0,218,0,0,,
n,iphone5-chaneltype,i,,,<br>,, ブラックエナメル×シルバー,-6-blk-ena,0,0,0,0,,
n,iphone5-chaneltype,i,,,<br>,,ホワイトエナメル×シルバー,-7-wht-ena,0,109,0,0,,
n,iphone5-chaneltype,i,,,<br>,,ピンクエナメル×シルバー,-8-pnk-ena,0,125,0,0,,
n,iphone5-05thin,i,,,ツヤあり,-1-paki,ホワイト,-wht,0,1349,0,0,,
n,iphone5-05thin,i,,,ツヤあり,-1-paki,グレー,-gry,0,202,0,0,,
n,iphone5-05thin,i,,,ツヤあり,-1-paki,ブルー,-blue,0,79,0,0,,
n,iphone5-05thin,i,,,ツヤあり,-1-paki,レッド,-red,0,235,0,0,,
n,iphone5-05thin,i,,,ツヤあり,-1-paki,ピンク,-pnk,0,0,0,0,,
n,iphone5-05thin,i,,,ツヤあり,-1-paki,パープル,-ppl,0,0,0,0,,
n,iphone5-05thin,i,,,ツヤあり,-1-paki,ネオンイエロー,-yel,0,0,0,0,,
n,iphone5-05thin,i,,,ツヤなし,-2-moya,ホワイト,-wht,0,157,0,0,,
n,iphone5-05thin,i,,,ツヤなし,-2-moya,グレー,-gry,0,446,0,0,,
n,iphone5-05thin,i,,,ツヤなし,-2-moya,ブルー,-blue,0,229,0,0,,
n,iphone5-05thin,i,,,ツヤなし,-2-moya,レッド,-red,0,89,0,0,,
n,iphone5-05thin,i,,,ツヤなし,-2-moya,ピンク,-pnk,0,77,0,0,,
n,iphone5-05thin,i,,,ツヤなし,-2-moya,パープル,-ppl,0,241,0,0,,
n,iphone5-05thin,i,,,ツヤなし,-2-moya,ネオンイエロー,-yel,0,67,0,0,,
n,iphone5-steven,i,,,<br>,,ブラック,-01black,0,66,0,0,,
n,iphone5-steven,i,,,<br>,,ホワイト,-02white,0,1,0,0,,
n,iphone5-steven,i,,,<br>,,ピンク,-03pink,0,2,0,0,,
n,iphone5-steven,i,,,<br>,,パープル,-04purple,0,0,0,0,,
n,iphone5-steven,i,,,<br>,,ゴールド,-05gold,0,11,0,0,,
n,iphone5c-leatherbook,i,,,<br>,,ブラック,-01Blk,0,36,0,0,,
n,iphone5c-leatherbook,i,,,<br>,,ブラウン,-02Brn,0,17,0,0,,
n,iphone5c-leatherbook,i,,,<br>,,ライトブラウン,-03L-brn,0,20,0,0,,
n,iphone5c-leatherbook,i,,,<br>,,ダークブラウン,-04D-brn,0,13,0,0,,
n,iphone5c-screen,i,,,<br>,,グレア,-01Glare,0,377,0,0,,
n,iphone5c-screen,i,,,<br>,,ノングレア,-02Non-Glare,0,401,0,0,,
n,iphone5c-tpucase,i,,, , ,イエロー,-01Ylw,0,30,0,0,,
n,iphone5c-tpucase,i,,, , ,ホワイト,-02Wht,0,29,0,0,,
n,iphone5c-tpucase,i,,, , ,グリーン,-03Grn,0,30,0,0,,
n,iphone5c-tpucase,i,,, , ,ブルー,-04Blu,0,30,0,0,,
n,iphone5c-tpucase,i,,, , ,レッド,-05Red,0,30,0,0,,
n,iphone5-diary,i,,,<br>,,レッド,-1-red,0,14,0,0,,
n,iphone5-diary,i,,,<br>,,ブラック,-2-blk,0,0,0,0,,
n,iphone5-diary,i,,,<br>,,パープル/ブラック,-3-ppl-blk,0,0,0,0,,
n,iphone5-diary,i,,,<br>,,ホワイト,-4-wht,0,1,0,0,,
n,iphone5-diary,i,,,<br>,,ライトブルー,-5-lblue,0,0,0,0,,
n,iphone5-diary,i,,,<br>,,ローズ,-6-rose,0,5,0,0,,
n,iphone5-diary,i,,,<br>,,ピンク,-7-pnk,0,36,0,0,,
n,iphone5-flower,i,,, , ,レッド,-01Red,0,677,0,0,,
n,iphone5-flower,i,,, , ,レッドオレンジ,-02Red-Org,0,1,0,0,,
n,iphone5-flower,i,,, , ,レッドパープル,-03Red-Pur,0,652,0,0,,
n,iphone5-flower,i,,, , ,ブラック,-04Blk,0,742,0,0,,
n,iphone5-flower,i,,, , ,ピンク,-05Pnk,0,360,0,0,,
n,iphone5-flower,i,,, , ,ミント,-06Mnt,0,969,0,0,,
n,iphone5-flower,i,,, , ,ホワイト,-07Wht,0,484,0,0,,
n,iphone5-flower,i,,, , ,スカイブルー,-08Sky-Blu,0,784,0,0,,
n,iphone5-flower,i,,, , ,ブラックレッド,-09Blk-Red,0,192,0,0,,
n,iphone5-flower,i,,, , ,マルチカラー,-10Multi,0,204,0,0,,
n,iphone5-icam,i,,,<br>,,レッド,-1-red,0,8,0,0,,
n,iphone5-icam,i,,,<br>,,ブラック,-2-blk,0,15,0,0,,
n,iphone5-icam,i,,,<br>,,ホワイト,-3-wht,0,13,0,0,,
n,iphone5-icam,i,,,<br>,,グリーン,-4-grn,0,17,0,0,,
n,iphone5-icam,i,,,<br>,,ピンク,-5-pnk,0,3,0,0,,
n,iphone5-icam,i,,,<br>,,イエロー,-6-yel,0,17,0,0,,
n,iphone5-kujaku,i,,,<br>,,ピンク,-1-pnk,0,0,0,0,,
n,iphone5-kujaku,i,,,<br>,,ライトブルー,ライトブルー,0,0,0,0,,
n,iphone5-kujaku,i,,,<br>,,パープル,パープル,0,0,0,0,,
n,iphone5-kujaku,i,,,<br>,,シルバー,-2-sil,0,0,0,0,,
n,iphone5-kujaku,i,,,<br>,,ブラック,ブラック,0,0,0,0,,
n,iphone5-kujaku,i,,,<br>,,レッド,-3-red,0,1,0,0,,
n,iphone5-leopard,i,,,<br>,,ブラウン,-brown,0,0,0,0,,
n,iphone5-leopard,i,,,<br>,,ダークブラウン,-darkbrown,0,0,0,0,,
n,iphone5-leopard,i,,,<br>,,ブラック,-black,0,44,0,0,,
n,iphone5-leopard,i,,,<br>,,グレー,-gray,0,43,0,0,,
n,iphone5-leopard,i,,,<br>,,レッド,-red,0,50,0,0,,
n,iphone5-leopard,i,,,<br>,,ブルー,-blue,0,58,0,0,,
n,iphone5-lightningcable,i,,,<br>,,ホワイト,-01white,0,491,0,0,,
n,iphone5-lightningcable,i,,,<br>,,ブラック,-02black,0,540,0,0,,
n,iphone5-lightningcable,i,,,<br>,,ピンク,-03pink,0,742,0,0,,
n,iphone5-lightningcable,i,,,<br>,,レッド,-04red,0,416,0,0,,
n,iphone5-lightningcable,i,,,<br>,,ブルー,-05blue,0,501,0,0,,
n,iphone5-lightningcable,i,,,<br>,,オレンジ,-06org,0,570,0,0,,
n,iphone5-lightningcable,i,,,<br>,, グリーン,-07green,0,420,0,0,,
n,iphone5-lightningcable,i,,,<br>,,イエロー,-08yel,0,410,0,0,,
n,iphone5-lightningcable,i,,,<br>,,パープル,-09pur,0,613,0,0,,
n,iphone5-lightningcable,i,,,<br>,,グレープ,-10grp,0,0,0,0,,
n,iphone5-lightning-adapter,i,,,<br>,,ホワイト,-1wht,0,115,0,0,,
n,iphone5-lightning-adapter,i,,,<br>,,ピンク,-2pnk,0,139,0,0,,
n,iphone5-lightning-adapter,i,,,<br>,,イエロー,-3ylw,0,158,0,0,,
n,iphone5-lightning-adapter,i,,,<br>,,ブルー,-4ble,0,145,0,0,,
n,iphone5-lightning-adapter,i,,,<br>,,パープル,-5ppl,0,154,0,0,,
n,iphone5-lightning-adapter,i,,,<br>,,ブラック,-6blk,0,95,0,0,,
n,iphone5-lightning-adapter,i,,,<br>,,グリーン,-7grn,0,146,0,0,,
n,iphone5-linear,i,,, , ,ブラック,-01blk,0,31,0,0,,
n,iphone5-linear,i,,, , ,シルバー,-02slv,0,0,0,0,,
n,iphone5-linear,i,,, , ,ホワイト,-03wht,0,26,0,0,,
n,iphone5-linear,i,,, , ,レッド,-04red,0,6,0,0,,
n,iphone5-linear,i,,, , ,ブルー,-05ble,0,15,0,0,,
n,iphone5-linear,i,,, , ,ピンク,-06pnk,0,48,0,0,,
n,iphone5-linear,i,,, , ,ホットピンク,-07hotpink,0,18,0,0,,
n,iphone5-linear,i,,, , ,イエロー,-08ylw,0,14,0,0,,
n,iphone5-linear,i,,, , ,ライムグリーン,-09limegreen,0,21,0,0,,
n,iphone5-linear,i,,, , ,グリーン,-10grn,0,16,0,0,,
n,iphone5-linear,i,,,<br>,,ブラック,-01blk,0,31,0,0,,
n,iphone5-linear,i,,,<br>,,シルバー,-02slv,0,0,0,0,,
n,iphone5-linear,i,,,<br>,,ホワイト,-03wht,0,26,0,0,,
n,iphone5-linear,i,,,<br>,,レッド,-04red,0,6,0,0,,
n,iphone5-linear,i,,,<br>,,ブルー,-05ble,0,15,0,0,,
n,iphone5-linear,i,,,<br>,,ピンク,-06pnk,0,48,0,0,,
n,iphone5-linear,i,,,<br>,,ホットピンク,-07hotpink,0,18,0,0,,
n,iphone5-linear,i,,,<br>,,イエロー,-08ylw,0,14,0,0,,
n,iphone5-linear,i,,,<br>,,ライムグリーン,-09limegreen,0,21,0,0,,
n,iphone5-linear,i,,,<br>,,グリーン,-10grn,0,16,0,0,,
n,iphone5-manga,i,,,<br>,,漫画/カートゥーン,-1-manga,0,9,0,0,,
n,iphone5-manga,i,,,<br>,,海賊/パイレーツ,-2-kaizoku,0,19,0,0,,
n,iphone5-manga,i,,,<br>,,骸骨/スカル,-3-skul,0,8,0,0,,
n,iphone5-metal,i,,,<br>,,グリーン,-1-grn,0,40,0,0,,
n,iphone5-metal,i,,,<br>,,ブルー,-2-blue,0,41,0,0,,
n,iphone5-metal,i,,,<br>,,パープル,-3-ppl,0,40,0,0,,
n,iphone5-metal,i,,,<br>,, シルバー,-4-sil,0,84,0,0,,
n,iphone5-metal,i,,,<br>,,ローズ,-5-rose,0,61,0,0,,
n,iphone5-metal,i,,,<br>,,ゴールド,-6-gld,0,44,0,0,,
n,iphone5-metal,i,,,<br>,,レッド,-7-red,0,46,0,0,,
n,iphone5-metal,i,,,<br>,,ブラック,-8-blk,0,41,0,0,,
n,iphone5-mophie,i,,, , ,ブラック,-1-black,0,25,0,0,,
n,iphone5-mophie,i,,, , ,ホワイト,-2-white,0,16,0,0,,
n,iphone5-mophie,i,,, , ,ピンク,-3-pink,0,22,0,0,,
n,iphone5-mophie,i,,, , ,オレンジ,-4-orange-grey,0,38,0,0,,
n,iphone5-mophie,i,,, , ,パープル,-5-purple,0,52,0,0,,
n,iphone5-mophie,i,,, , ,ブルー,-6-blue,0,27,0,0,,
n,iphone5-mophie,i,,, , ,レッド,-7-red,0,15,0,0,,
n,iphone5-mophie,i,,, , ,イエロー,-8-yellow,0,25,0,0,,
n,iphone5-moshi-metal,i,,,<br>,,シルバーホワイト,-01Slv-Wht,0,68,0,0,,
n,iphone5-moshi-metal,i,,,<br>,,ブラックホワイト,-02Blk-Wht,0,98,0,0,,
n,iphone5-moshi-metal,i,,,<br>,,グレーホワイト,-03Gry-Wht,0,96,0,0,,
n,iphone5-moshi-metal,i,,,<br>,,アクアホワイト,-04Aqa-Wht,0,97,0,0,,
n,iphone5-moshi-metal,i,,,<br>,,レッドホワイト,-05Red-Wht,0,89,0,0,,
n,iphone5-moshi-metal,i,,,<br>,,マゼンタホワイト,-06Mgt-Wht,0,100,0,0,,
n,iphone5-moshi-metal,i,,,<br>,,ピンクホワイト,-07Pnk-Wht,0,97,0,0,,
n,iphone5-moshi-metal,i,,,<br>,,イエローホワイト,-08Yel-Wht,0,99,0,0,,
n,iphone5-moshi-metal,i,,,<br>,,ゴールドホワイト,-09Gld-Wht,0,76,0,0,,
n,iphone5-moshi-metal,i,,,<br>,,パープルホワイト,-10Ppl-Wht,0,99,0,0,,
n,iphone5-moshi-metal,i,,,<br>,,ブルーホワイト,-11Blu-Wht,0,98,0,0,,
n,iphone5-moshi-metal,i,,,<br>,,ブラウンホワイト,-12Brn-Wht,0,97,0,0,,
n,iphone5-moshi-metal,i,,,<br>,,ブラックブラック,-13Blk-Blk,0,78,0,0,,
n,iphone-nail,i,,,iPhone5/5S, -iP5,レッド（159）,-01Red-159,0,29,0,0,,
n,iphone-nail,i,,,iPhone5/5S, -iP5,マゼンタ（541）,-02Mgt-541,0,14,0,0,,
n,iphone-nail,i,,,iPhone5/5S, -iP5,ピンク（543）,-03Pnk-543,0,49,0,0,,
n,iphone-nail,i,,,iPhone5/5S, -iP5,オレンジ（617）,-04Org-617,0,277,0,0,,
n,iphone-nail,i,,,iPhone5/5S, -iP5,グリーン（513）,-05Grn-513,0,283,0,0,,
n,iphone-nail,i,,,iPhone5/5S, -iP5,パープル（461）,-06Pur-461,0,265,0,0,,
n,iphone-nail,i,,,iPhone5/5S, -iP5,マーブル（531）,07Maeble-531,0,5,0,0,,
n,iphone-nail,i,,,ihone4S,-IP4S,レッド（159）,-01Red-159,0,281,0,0,,
n,iphone-nail,i,,,ihone4S,-IP4S,マゼンタ（541）,-02Mgt-541,0,286,0,0,,
n,iphone-nail,i,,,ihone4S,-IP4S,ピンク（543）,-03Pnk-543,0,288,0,0,,
n,iphone-nail,i,,,ihone4S,-IP4S,オレンジ（617）,-04Org-617,0,296,0,0,,
n,iphone-nail,i,,,ihone4S,-IP4S,グリーン（513）,-05Grn-513,0,279,0,0,,
n,iphone-nail,i,,,ihone4S,-IP4S,パープル（461）,-06Pur-461,0,297,0,0,,
n,iphone-nail,i,,,ihone4S,-IP4S,マーブル（531）,07Maeble-531,0,5,0,0,,
n,iphone-nail,i,,,iPhone5C,-iP5C,レッド（159）,-01Red-159,0,241,0,0,,
n,iphone-nail,i,,,iPhone5C,-iP5C,マゼンタ（541）,-02Mgt-541,0,204,0,0,,
n,iphone-nail,i,,,iPhone5C,-iP5C,ピンク（543）,-03Pnk-543,0,230,0,0,,
n,iphone-nail,i,,,iPhone5C,-iP5C,オレンジ（617）,-04Org-617,0,258,0,0,,
n,iphone-nail,i,,,iPhone5C,-iP5C,グリーン（513）,-05Grn-513,0,262,0,0,,
n,iphone-nail,i,,,iPhone5C,-iP5C,パープル（461）,-06Pur-461,0,246,0,0,,
n,iphone-nail,i,,,iPhone5C,-iP5C,マーブル（531）,07Maeble-531,0,5,0,0,,
n,iphone5-national,i,,,<br>,,UKナイト,-1-ukni,0,8,0,0,,
n,iphone5-national,i,,,<br>,,アメリカ,-2-usa,0,32,0,0,,
n,iphone5-national,i,,,<br>,,イギリス,-3-uk,0,5,0,0,,
n,iphone5-national,i,,,<br>,,フランス,-4-fra,0,41,0,0,,
n,iphone5-penguin,i,,,<br>,,イエロー,01yellow,0,0,0,0,,
n,iphone5-penguin,i,,,<br>,,ピンク,02pink,0,7,0,0,,
n,iphone5-penguin,i,,,<br>,,ホワイト,03white,0,22,0,0,,
n,iphone5-penguin,i,,,<br>,,ブラック,04black,0,18,0,0,,
n,iphone5-penguin,i,,,<br>,,パープル,05purple,0,18,0,0,,
n,iphone5-privacy-film,i,,, , ,覗き見防止タイプ,-01Privacy,0,282,0,0,,
n,iphone5-privacy-film,i,,, , ,鏡面タイプ,-02Mirror,0,48,0,0,,
n,iphone5-quilt-book,i,,, , ,レッド,-01Red,0,15,0,0,,
n,iphone5-quilt-book,i,,, , ,ホワイト,-02Wht,0,40,0,0,,
n,iphone5-quilt-book,i,,, , ,ブラック,-03Blk,0,98,0,0,,
n,iphone5-quilt-book,i,,, , ,ピンク,-04Pnk,0,50,0,0,,
n,iphone5-quilt-book,i,,, , ,マゼンタ,-05Mgt,0,36,0,0,,
n,iphone5-quilt-book,i,,, , ,パープル,-06Ppl,0,28,0,0,,
n,iphone5-quilt-book,i,,, , ,ブルー,-07Blu,0,56,0,0,,
n,iphone5-rainbow,i,,,<br>,,ピンク/クリア,-1-pnk,0,50,0,0,,
n,iphone5-rainbow,i,,,<br>,,ブラック/クリア,-2-blk,0,47,0,0,,
n,iphone5-rainbow,i,,,<br>,,イエロー/クリア,-3-ylw,0,47,0,0,,
n,iphone5-rainbow,i,,,<br>,,ブルー/クリア,-4-blu,0,50,0,0,,
n,iphone5-rainbow,i,,,<br>,,ホワイト/レインボー,-5-wht,0,0,0,0,,
n,iphone5-rainbow,i,,,<br>,,ブラック/レインボー,-6-rbw,0,45,0,0,,
n,iphone5s-07metalbumper,i,,, , ,シャンパンゴールド,-01Gld,0,17,0,0,,
n,iphone5s-07metalbumper,i,,, , ,ブルー,-02Blu,0,10,0,0,,
n,iphone5s-07metalbumper,i,,, , ,レッド,-03Red,0,8,0,0,,
n,iphone5s-07metalbumper,i,,, , ,ブラック,-04Blk,0,18,0,0,,
n,iphone5s-07metalbumper,i,,, , ,ピンク,-05Pnk,0,9,0,0,,
n,iphone5s-07metalbumper,i,,, , ,シルバー,-06Slv,0,17,0,0,,
n,iphone5-skinflag,i,,,<br>,,ユニオンジャック,-unionjack,0,100,0,0,,
n,iphone5-skinflag,i,,,<br>,,ドイツ,-Germany,0,100,0,0,,
n,iphone5-skinflag,i,,,<br>,,星条旗,-Star-Spangled-Banner,0,100,0,0,,
n,iphone5-smart-cover,i,,,<br>,,ブラック,-1-blk,0,0,0,0,,
n,iphone5-smart-cover,i,,,<br>,,ブルー,-2-blue,0,0,0,0,,
n,iphone5-smart-cover,i,,,<br>,,ピンク,-3-pnk,0,0,0,0,,
n,iphone5-smart-cover,i,,,<br>,,ホワイト,-4-wht,0,16,0,0,,
n,iphone5-smart-cover,i,,,<br>,,マゼンタ,-5-mag,0,0,0,0,,
n,iphone5-smart-cover,i,,,<br>,,ブラウン,-6-brw,0,0,0,0,,
n,iphone5-smart-cover,i,,,<br>,,レッド,-7-red,0,0,0,0,,
n,iphone5-tapedeck,i,,,<br>,,レッド,-1-red,0,14,0,0,,
n,iphone5-tapedeck,i,,,<br>,,ブラック,-2-blk,0,3,0,0,,
n,iphone5-tapedeck,i,,,<br>,,グレー,-3-gry,0,11,0,0,,
n,iphone5-tapedeck,i,,,<br>,,パープル,-4-ppl,0,17,0,0,,
n,iphone5-tapedeck,i,,,<br>,,マゼンタ,-5-mag,0,18,0,0,,
n,iphone5-tapedeck,i,,,<br>,,ピンク,-6-pnk,0,19,0,0,,
n,iphone5-tapedeck,i,,,<br>,,ホワイト,-7-wht,0,17,0,0,,
n,iphone5-tapedeck,i,,,<br>,,ブルー, -08-blue,0,15,0,0,,
n,iphone5-tapedeck,i,,,<br>,,クリア,-9-cla,0,18,0,0,,
n,iphone5-tpu,i,,, , ,クリア,-01CLR,0,188,0,0,,
n,iphone5-tpu,i,,, , ,ブラック,-02BLK,0,147,0,0,,
n,iphone5-tpu,i,,, , ,グリーン,-03GRN,0,50,0,0,,
n,iphone5-tpu,i,,, , ,イエロー,-04YLW,0,50,0,0,,
n,iphone5-tpu,i,,, , ,パープル,-05PPL,0,50,0,0,,
n,iphone5-tpu,i,,, , ,ピンク,-06PNK,0,49,0,0,,
n,iphone5-tpu,i,,, , ,ブルー,-07BLU,0,10,0,0,,
n,iphone5-tpu,i,,, , ,グレープ,-08GRP,0,49,0,0,,
n,iphone5-wovendiary,i,,, , ,ダークブラウン,-02DarBRW,0,0,0,0,,
n,iphone5-wovendiary,i,,, , ,ライトブラウン,-02LiBRW,0,9,0,0,,
n,iphone5-zenusbumper,i,,,<br>,,ホワイト/ブラック,-01wht-blk,0,46,0,0,,
n,iphone5-zenusbumper,i,,,<br>,,ブラック/オレンジ,-02blk-org,0,52,0,0,,
n,iphone5-zenusbumper,i,,,<br>,,ホワイト/グリーン,-03wht-grn,0,30,0,0,,
n,iphone5-zenusbumper,i,,,<br>,,ピンク/パープル,-04pink-ppl,0,44,0,0,,
n,iphone5-zenusbumper,i,,,<br>,,オレンジ/アクア,-05org-aqua,0,19,0,0,,
n,iphone5-zenusbumper,i,,,<br>,,ブラック/マゼンタ,-06blk-mgt,0,43,0,0,,
n,iphone5-zenusbumper,i,,,<br>,,グリーン/アクア,-07grn-aqua,0,16,0,0,,
n,iphone-appleplus,i,,,iPhone4,-4s,evolution,-01Evo,0,100,0,0,,
n,iphone-appleplus,i,,,iPhone4,-4s,UFO,-02Ufo,0,96,0,0,,
n,iphone-appleplus,i,,,iPhone4,-4s,Lip,-03Lip,0,90,0,0,,
n,iphone-appleplus,i,,,iPhone4,-4s,Statue of Liberty,-04Sol,0,83,0,0,,
n,iphone-appleplus,i,,,iPhone4,-4s,kawaii,-05Kawa,0,98,0,0,,
n,iphone-appleplus,i,,,iPhone4,-4s,Spider,-06spi,0,99,0,0,,
n,iphone-appleplus,i,,,iPhone4,-4s,Crash,-07Cra,0,0,0,0,,
n,iphone-appleplus,i,,,iPhone4,-4s,AbbyRoad,-08Abb,0,95,0,0,,
n,iphone-appleplus,i,,,iPhone5シルバープラス,-5-s,evolution,-01Evo,0,93,0,0,,
n,iphone-appleplus,i,,,iPhone5シルバープラス,-5-s,UFO,-02Ufo,0,89,0,0,,
n,iphone-appleplus,i,,,iPhone5シルバープラス,-5-s,Lip,-03Lip,0,119,0,0,,
n,iphone-appleplus,i,,,iPhone5シルバープラス,-5-s,Statue of Liberty,-04Sol,0,0,0,0,,
n,iphone-appleplus,i,,,iPhone5シルバープラス,-5-s,kawaii,-05Kawa,0,100,0,0,,
n,iphone-appleplus,i,,,iPhone5シルバープラス,-5-s,Spider,-06spi,0,97,0,0,,
n,iphone-appleplus,i,,,iPhone5シルバープラス,-5-s,Crash,-07Cra,0,0,0,0,,
n,iphone-appleplus,i,,,iPhone5シルバープラス,-5-s,AbbyRoad,-08Abb,0,86,0,0,,
n,iphone-appleplus,i,,,iPhone5ブラックプラス,-5-b,evolution,-01Evo,0,90,0,0,,
n,iphone-appleplus,i,,,iPhone5ブラックプラス,-5-b,UFO,-02Ufo,0,92,0,0,,
n,iphone-appleplus,i,,,iPhone5ブラックプラス,-5-b,Lip,-03Lip,0,85,0,0,,
n,iphone-appleplus,i,,,iPhone5ブラックプラス,-5-b,Statue of Liberty,-04Sol,0,78,0,0,,
n,iphone-appleplus,i,,,iPhone5ブラックプラス,-5-b,kawaii,-05Kawa,0,99,0,0,,
n,iphone-appleplus,i,,,iPhone5ブラックプラス,-5-b,Spider,-06spi,0,93,0,0,,
n,iphone-appleplus,i,,,iPhone5ブラックプラス,-5-b,Crash,-07Cra,0,76,0,0,,
n,iphone-appleplus,i,,,iPhone5ブラックプラス,-5-b,AbbyRoad,-08Abb,0,82,0,0,,
n,iphone-appleplus,i,,,iPhone5c,-5C,evolution,-01Evo,0,99,0,0,,
n,iphone-appleplus,i,,,iPhone5c,-5C,UFO,-02Ufo,0,100,0,0,,
n,iphone-appleplus,i,,,iPhone5c,-5C,Lip,-03Lip,0,98,0,0,,
n,iphone-appleplus,i,,,iPhone5c,-5C,Statue of Liberty,-04Sol,0,99,0,0,,
n,iphone-appleplus,i,,,iPhone5c,-5C,kawaii,-05Kawa,0,100,0,0,,
n,iphone-appleplus,i,,,iPhone5c,-5C,Spider,-06spi,0,99,0,0,,
n,iphone-appleplus,i,,,iPhone5c,-5C,Crash,-07Cra,0,98,0,0,,
n,iphone-appleplus,i,,,iPhone5c,-5C,AbbyRoad,-08Abb,0,100,0,0,,
n,appleplus2nd,i,,,iPhone5ホワイト,-IP5-wht,マンマミーヤ,-01mmy,0,65,0,0,,
n,appleplus2nd,i,,,iPhone5ホワイト,-IP5-wht,いいね,-02iine,0,90,0,0,,
n,appleplus2nd,i,,,iPhone5ホワイト,-IP5-wht,よくない,-03ykni,0,98,0,0,,
n,appleplus2nd,i,,,iPhone5ホワイト,-IP5-wht,しりとり,-04srtr,0,69,0,0,,
n,appleplus2nd,i,,,iPhone5ホワイト,-IP5-wht,トラック,-05truck,0,96,0,0,,
n,appleplus2nd,i,,,iPhone5ホワイト,-IP5-wht,オーバーヘッド,-06ovhd,0,89,0,0,,
n,appleplus2nd,i,,,iPhone5ホワイト,-IP5-wht,サイクリング,-07cycli,0,83,0,0,,
n,appleplus2nd,i,,,iPhone5ホワイト,-IP5-wht,オーリー,-08orie,0,91,0,0,,
n,appleplus2nd,i,,,iPhone5ホワイト,-IP5-wht,パイナップル,-09pine,0,99,0,0,,
n,appleplus2nd,i,,,iPhone5ホワイト,-IP5-wht,NYC,-10nyc,0,96,0,0,,
n,appleplus2nd,i,,,iPhone5ホワイト,-IP5-wht,ヘッドフォン,-11Hphone,0,88,0,0,,
n,appleplus2nd,i,,,iPhone5ホワイト,-IP5-wht,サーファー,-12surfer,0,87,0,0,,
n,appleplus2nd,i,,,iPhone5ホワイト,-IP5-wht,Cocaine,-13cocaine,0,99,0,0,,
n,appleplus2nd,i,,,iPhone5ホワイト,-IP5-wht,APL5S,-14apl5s,0,99,0,0,,
n,appleplus2nd,i,,,iPhone5ホワイト,-IP5-wht,クラッシュ2nd,-15crash2,0,93,0,0,,
n,appleplus2nd,i,,,iPhone5ブラック,-IP5-blk,マンマミーヤ,-01mmy,0,84,0,0,,
n,appleplus2nd,i,,,iPhone5ブラック,-IP5-blk,いいね,-02iine,0,94,0,0,,
n,appleplus2nd,i,,,iPhone5ブラック,-IP5-blk,よくない,-03ykni,0,96,0,0,,
n,appleplus2nd,i,,,iPhone5ブラック,-IP5-blk,しりとり,-04srtr,0,79,0,0,,
n,appleplus2nd,i,,,iPhone5ブラック,-IP5-blk,トラック,-05truck,0,98,0,0,,
n,appleplus2nd,i,,,iPhone5ブラック,-IP5-blk,オーバーヘッド,-06ovhd,0,90,0,0,,
n,appleplus2nd,i,,,iPhone5ブラック,-IP5-blk,サイクリング,-07cycli,0,83,0,0,,
n,appleplus2nd,i,,,iPhone5ブラック,-IP5-blk,オーリー,-08orie,0,94,0,0,,
n,appleplus2nd,i,,,iPhone5ブラック,-IP5-blk,パイナップル,-09pine,0,996,0,0,,
n,appleplus2nd,i,,,iPhone5ブラック,-IP5-blk,NYC,-10nyc,0,96,0,0,,
n,appleplus2nd,i,,,iPhone5ブラック,-IP5-blk,ヘッドフォン,-11Hphone,0,96,0,0,,
n,appleplus2nd,i,,,iPhone5ブラック,-IP5-blk,サーファー,-12surfer,0,95,0,0,,
n,appleplus2nd,i,,,iPhone5ブラック,-IP5-blk,Cocaine,-13cocaine,0,100,0,0,,
n,appleplus2nd,i,,,iPhone5ブラック,-IP5-blk,APL5S,-14apl5s,0,100,0,0,,
n,appleplus2nd,i,,,iPhone5ブラック,-IP5-blk,クラッシュ2nd,-15crash2,0,95,0,0,,
n,appleplus2nd,i,,,iPhone4/4s,-IP4,マンマミーヤ,-01mmy,0,80,0,0,,
n,appleplus2nd,i,,,iPhone4/4s,-IP4,いいね,-02iine,0,98,0,0,,
n,appleplus2nd,i,,,iPhone4/4s,-IP4,よくない,-03ykni,0,99,0,0,,
n,appleplus2nd,i,,,iPhone4/4s,-IP4,しりとり,-04srtr,0,84,0,0,,
n,appleplus2nd,i,,,iPhone4/4s,-IP4,トラック,-05truck,0,99,0,0,,
n,appleplus2nd,i,,,iPhone4/4s,-IP4,オーバーヘッド,-06ovhd,0,92,0,0,,
n,appleplus2nd,i,,,iPhone4/4s,-IP4,サイクリング,-07cycli,0,96,0,0,,
n,appleplus2nd,i,,,iPhone4/4s,-IP4,オーリー,-08orie,0,97,0,0,,
n,appleplus2nd,i,,,iPhone4/4s,-IP4,パイナップル,-09pine,0,100,0,0,,
n,appleplus2nd,i,,,iPhone4/4s,-IP4,NYC,-10nyc,0,100,0,0,,
n,appleplus2nd,i,,,iPhone4/4s,-IP4,ヘッドフォン,-11Hphone,0,95,0,0,,
n,appleplus2nd,i,,,iPhone4/4s,-IP4,サーファー,-12surfer,0,98,0,0,,
n,appleplus2nd,i,,,iPhone4/4s,-IP4,Cocaine,-13cocaine,0,99,0,0,,
n,appleplus2nd,i,,,iPhone4/4s,-IP4,APL5S,-14apl5s,0,100,0,0,,
n,appleplus2nd,i,,,iPhone4/4s,-IP4,クラッシュ2nd,-15crash2,0,0,0,0,,
n,appleplus2nd,i,,,iPhone5c,-iP5C,マンマミーヤ,-01mmy,0,99,0,0,,
n,appleplus2nd,i,,,iPhone5c,-iP5C,いいね,-02iine,0,100,0,0,,
n,appleplus2nd,i,,,iPhone5c,-iP5C,よくない,-03ykni,0,100,0,0,,
n,appleplus2nd,i,,,iPhone5c,-iP5C,しりとり,-04srtr,0,99,0,0,,
n,appleplus2nd,i,,,iPhone5c,-iP5C,トラック,-05truck,0,100,0,0,,
n,appleplus2nd,i,,,iPhone5c,-iP5C,オーバーヘッド,-06ovhd,0,100,0,0,,
n,appleplus2nd,i,,,iPhone5c,-iP5C,サイクリング,-07cycli,0,99,0,0,,
n,appleplus2nd,i,,,iPhone5c,-iP5C,オーリー,-08orie,0,100,0,0,,
n,appleplus2nd,i,,,iPhone5c,-iP5C,パイナップル,-09pine,0,100,0,0,,
n,appleplus2nd,i,,,iPhone5c,-iP5C,NYC,-10nyc,0,100,0,0,,
n,appleplus2nd,i,,,iPhone5c,-iP5C,ヘッドフォン,-11Hphone,0,100,0,0,,
n,appleplus2nd,i,,,iPhone5c,-iP5C,サーファー,-12surfer,0,98,0,0,,
n,appleplus2nd,i,,,iPhone5c,-iP5C,Cocaine,-13cocaine,0,100,0,0,,
n,appleplus2nd,i,,,iPhone5c,-iP5C,APL5S,-14apl5s,0,100,0,0,,
n,appleplus2nd,i,,,iPhone5c,-iP5C,クラッシュ2nd,-15crash2,0,0,0,0,,
n,iphone-bornhorn,i,,,<br>,,ホワイト,-white-1,0,22,0,0,,
n,iphone-bornhorn,i,,,<br>,,パープル,-purple-2,0,26,0,0,,
n,iphone-bornhorn,i,,,<br>,,ブルー,-blue-3,0,24,0,0,,
n,iphone-bornhorn,i,,,<br>,,ピンク,-pink-4,0,35,0,0,,
n,iphone-bornhorn,i,,,<br>,,グリーン,-green-5,0,2,0,0,,
n,iphone-bornhorn,i,,,<br>,,ブラック,-black-6,0,19,0,0,,
n,iphone-canary,i,,,<br>,,ライムグリーン,-01lime,0,50,0,0,,
n,iphone-canary,i,,,<br>,,マゼンタ,-02magenta,0,48,0,0,,
n,iphone-canary,i,,,<br>,,オレンジ,-03orenge,0,50,0,0,,
n,iphone-canary,i,,,<br>,,ホワイト,-04white,0,50,0,0,,
n,iphone-canary,i,,,<br>,,ブラック,-05black,0,0,0,0,,
n,iphone-linear,i,,,<br>,,シルバー/スカイブルー,-silsky,0,0,0,0,,
n,iphone-linear,i,,,<br>,,ホワイト/ホワイト,-whwh,0,0,0,0,,
n,iphone-linear,i,,,<br>,,シルバー/シルバー,-silsil,0,0,0,0,,
n,iphone-linear,i,,,<br>,,シルバー/ホワイト,-silwh,0,0,0,0,,
n,iphone-linear,i,,,<br>,,ホワイト/マゼンタ,-whm,0,7,0,0,,
n,iphone-linear,i,,,<br>,,ホワイト/ピンク,-whpink,0,0,0,0,,
n,iphone-linear,i,,,<br>,,マゼンタ/マゼンタ,-mm,0,0,0,0,,
n,iphone-linear,i,,,<br>,,ピンク/ピンク,-ppink,0,0,0,0,,
n,iphone-linear,i,,,<br>,,シルバー/イエロー,-sily,0,1,0,0,,
n,iphone-line-metal,i,,,<br>,,スカイブルー,スカイブルー,0,0,0,0,,
n,iphone-line-metal,i,,,<br>,,ロイヤルブルー,ロイヤルブルー,0,0,0,0,,
n,iphone-line-metal,i,,,<br>,,パープル,パープル,0,0,0,0,,
n,iphone-line-metal,i,,,<br>,,ライムグリーン,ライムグリーン,0,0,0,0,,
n,iphone-line-metal,i,,,<br>,,ピンク,ピンク,0,0,0,0,,
n,iphone-line-metal,i,,,<br>,,マゼンタ,マゼンタ,0,0,0,0,,
n,iphone-line-metal,i,,,<br>,,レッド,レッド,0,0,0,0,,
n,iphone-line-metal,i,,,<br>,,ブラウン,ブラウン,0,0,0,0,,
n,iphone-line-metal,i,,,<br>,,ブラック,ブラック,0,0,0,0,,
n,iphone-line-metal,i,,,<br>,,シルバー,シルバー,0,0,0,0,,
n,iphone-line-metal,i,,,<br>,,ホワイト,ホワイト,0,0,0,0,,
n,iphone-line-metal,i,,,<br>,,ゴールド,ゴールド,0,0,0,0,,
n,iphone-nationalflag-back,i,,,<br>,,アメリカ,-01usa,0,27,0,0,,
n,iphone-nationalflag-back,i,,,<br>,,イギリス,-02uk,0,20,0,0,,
n,iphone-quilting,i,,,<br>,,ホワイト/ゴールド,-wg,0,53,0,0,,
n,iphone-quilting,i,,,<br>,,ホワイト/シルバー,-ws,0,26,0,0,,
n,iphone-quilting,i,,,<br>,,ブラック/シルバー,-bls,0,93,0,0,,
n,iphone-quilting,i,,,<br>,,ピンク/シルバー,-ps,0,54,0,0,,
n,iphone-quilting,i,,,<br>,,ブルー/シルバー,-bs,0,39,0,0,,
n,iphone-quilting,i,,,<br>,,ミントグリーン/シルバー,-ms,0,30,0,0,,
n,iphone-quilting,i,,,<br>,,イエロー/シルバー,-ys,0,41,0,0,,
n,iphone-rainbow,i,,,<br>,,ブラック,-bl,0,9,0,0,,
n,iphone-cube,i,,,<br>,,ブラック,-01blk,0,150,0,0,,
n,iphone-cube,i,,,<br>,,パープル,-2-ppl,0,158,0,0,,
n,iphone-cube,i,,,<br>,,ブルー,-3-blue,0,198,0,0,,
n,iphone-cube,i,,,<br>,,レッド,-4-red,0,117,0,0,,
n,iphone-cube,i,,,<br>,,スカイブルー,-4-skyblue,0,120,0,0,,
n,iphone-cube,i,,,<br>,,ホワイト,-5-wht,0,169,0,0,,
n,iphone-cube,i,,,<br>,,マゼンタ,-7-magenta,0,80,0,0,,
n,iphone-cube,i,,,<br>,,オレンジ,-7-org,0,116,0,0,,
n,iphone-cube,i,,,<br>,,イエロー,-10-yel,0,200,0,0,,
n,iphone-cube,i,,,<br>,,ピンク,-11-pnk,0,141,0,0,,
n,kindle-cover,i,,,-7in,7インチ,-01red,レッド,0,0,0,0,,
n,kindle-cover,i,,,-7in,7インチ,-02brn,ブラウン,0,0,0,0,,
n,kindle-cover,i,,,-7in,7インチ,-03blk,ブラック,0,0,0,0,,
n,kindle-cover,i,,,-7in,7インチ,-04nvy,ネイビー,0,0,0,0,,
n,kindle-cover,i,,,-7in,7インチ,-05wht,ホワイト,0,0,0,0,,
n,kindle-cover,i,,,-7in,7インチ,-06sky-blu,スカイブルー,0,0,0,0,,
n,kindle-cover,i,,,-7in,7インチ,-07pnk,ピンク,0,0,0,0,,
n,kindle-cover,i,,,-8in,8インチ,-01red,レッド,0,0,0,0,,
n,kindle-cover,i,,,-8in,8インチ,-02brn,ブラウン,0,0,0,0,,
n,kindle-cover,i,,,-8in,8インチ,-03blk,ブラック,0,0,0,0,,
n,kindle-cover,i,,,-8in,8インチ,-04nvy,ネイビー,0,0,0,0,,
n,kindle-cover,i,,,-8in,8インチ,-05wht,ホワイト,0,0,0,0,,
n,kindle-cover,i,,,-8in,8インチ,-06sky-blu,スカイブルー,0,0,0,0,,
n,kindle-cover,i,,,-8in,8インチ,-07pnk,ピンク,0,0,0,0,,
n,kindle-cover-360,i,,,<br>,,ブラック,-black,0,13,0,0,,
n,kindle-cover-360,i,,,<br>,,ブルー,-blue,0,19,0,0,,
n,kindle-cover-360,i,,,<br>,,レッド,-red,0,13,0,0,,
n,kindle-cover-360,i,,,<br>,,ホワイト,-white,0,28,0,0,,
n,kindle-cover-89-360,i,,,<br>,,ブラック,-01blk,0,0,0,0,,
n,kindle-cover-89-360,i,,,<br>,,ホワイト,-02wht,0,13,0,0,,
n,kindle-cover-89-360,i,,,<br>,,レッド,-03red,0,0,0,0,,
n,kindle-cover-89-360,i,,,<br>,,オレンジ,-05org,0,4,0,0,,
n,kindle-cover-89-360,i,,,<br>,,イエロー,-06yel,0,0,0,0,,
n,kindle-cover-89-360,i,,,<br>,,ブラウン,-07brn,0,19,0,0,,
n,kindle-cover-89-360,i,,,<br>,,グリーン,-08grn,0,14,0,0,,
n,kindle-cover-89-360,i,,,<br>,,ネイビー,-09nvy,0,3,0,0,,
n,kindle-cover-89-360,i,,,<br>,,パープル,-10ppl,0,23,0,0,,
n,kindle-cover-89-360,i,,,<br>,,ピンク,-04pnk,0,5,0,0,,
n,kindlefire-hdx7-screen,i,,, , ,グレア,-01Glare,0,295,0,0,,
n,kindlefire-hdx7-screen,i,,, , ,ノングレア,-02Non-glare,0,297,0,0,,
n,kindle-hdx7-case,i,,, , ,ブラック,-01Blk,0,40,0,0,,
n,kindle-hdx7-case,i,,, , ,ホワイト,-02Wht,0,23,0,0,,
n,kindle-hdx7-case,i,,, , ,レッド,-03Red,0,13,0,0,,
n,kindle-hdx7-case,i,,, , ,ピンク,-04Pnk,0,17,0,0,,
n,kindle-hdx7-case,i,,, , ,マゼンタ,-05Mgt,0,17,0,0,,
n,kindle-hdx7-case,i,,, , ,アクア,-06Aqa,0,0,0,0,,
n,kindle-hdx7-case,i,,, , ,パープル,-07Ppl,0,18,0,0,,
n,kindle-hdx7-case,i,,, , ,ネイビー,-08Nvy,0,14,0,0,,
n,kindle-hdx7-case,i,,, , ,グリーン,-09Grn,0,7,0,0,,
n,kindle-hdx7-case,i,,, , ,ブラウン,-10Brw,0,26,0,0,,
n,kindle-white-cover,i,,,<br>,,ブラック,-1-blk,0,42,0,0,,
n,kindle-white-cover,i,,,<br>,,ホワイト,-2-wht,0,44,0,0,,
n,kindle-white-cover,i,,,<br>,,レッド,-3-red,0,26,0,0,,
n,kindle-white-cover,i,,,<br>,,ライム,-4-lime,0,33,0,0,,
n,kindle-white-cover,i,,,<br>,,オレンジ,-5-org,0,23,0,0,,
n,kindle-white-cover,i,,,<br>,,パープル,-6-ppl,0,43,0,0,,
n,kindle-white-cover,i,,,<br>,,ブラウン,-7-brw,0,24,0,0,,
n,kindle-white-cover,i,,,<br>,,ピンク,-8-pnk,0,13,0,0,,
n,kindle-white-cover,i,,,<br>,,ネイビー,-9-nvy,0,22,0,0,,
n,kindle-white-cover,i,,,<br>,,スカイブルー,-10-sky,0,35,0,0,,
n,kindle-white-cover,i,,,<br>,,マゼンタ,-11-mag,0,20,0,0,,
n,koboaura-cover,i,,, , ,ブラック,-01Blk,0,5,0,0,,
n,koboaura-cover,i,,, , ,ブラウン,-02Brw,0,4,0,0,,
n,koboaura-cover,i,,, , ,ターコイズ,-03Tqs,0,3,0,0,,
n,koboaura-cover,i,,, , ,パープル,-04Ppl,0,5,0,0,,
n,koboaura-cover,i,,, , ,レッド,-05Red,0,5,0,0,,
n,koboaura-cover,i,,, , ,オレンジ,-06Org,0,5,0,0,,
n,kobocheck,i,,,<br>,,ブラック,-1-blk,0,87,0,0,,
n,kobocheck,i,,,<br>,,グレー,-2-gry,0,87,0,0,,
n,kobocheck,i,,,<br>,,ピンク,-3-pnk,0,69,0,0,,
n,koboscreen,i,,, , ,クリア（ツヤあり）,-01Clear,0,272,0,0,,
n,koboscreen,i,,, , ,ノングレア,-02Mat,0,234,0,0,,
n,magnetic-charging,i,,, , ,ブラック,-01Blk,0,0,0,0,,
n,magnetic-charging,i,,, , ,ホワイト,-02Wht,0,0,0,0,,
n,micro-usb-color,i,,,<br>,,ホワイト,-1-wht,0,418,0,0,,
n,micro-usb-color,i,,,<br>,,ブラック,-2-blk,0,443,0,0,,
n,micro-usb-color,i,,,<br>,,ピンク,-3-pnk,0,358,0,0,,
n,micro-usb-color,i,,,<br>,,レッド,-4-red,0,349,0,0,,
n,micro-usb-color,i,,,<br>,,ブルー,-5-blue,0,359,0,0,,
n,micro-usb-color,i,,,<br>,,グリーン,-6-grn,0,382,0,0,,
n,micro-usb-color,i,,,<br>,,オレンジ,-7-org,0,376,0,0,,
n,micro-usb-color,i,,,<br>,,イエロー,-8-yel,0,389,0,0,,
n,micro-usb-color,i,,,<br>,,パープル,-10-ppl,0,245,0,0,,
n,micro-usb-color,i,,,<br>,,グレープ,-11-grp,0,41,0,0,,
n,nano-silicone,i,,,<br>,,ホワイト,-01white,0,24,0,0,,
n,nano-silicone,i,,,<br>,,ブラック,-02black,0,18,0,0,,
n,nano-silicone,i,,,<br>,,レッド,-03red,0,10,0,0,,
n,nano-silicone,i,,,<br>,,パープル,-04purple,0,15,0,0,,
n,nano-silicone,i,,,<br>,,ライムグリーン,-05limegreen,0,17,0,0,,
n,nano-silicone,i,,,<br>,,ターコイズ,-06turquoise,0,14,0,0,,
n,nano-silicone,i,,,<br>,,ブルー,-07blue,0,12,0,0,,
n,neck-strap,i,,, , ,ブラック,-01Blk,0,27,0,0,,
n,neck-strap,i,,, , ,ブラウン,-02Brn,0,30,0,0,,
n,neck-strap-color,i,,, , ,ブラック,-01Blk,0,4,0,0,,
n,neck-strap-color,i,,, , ,ホワイト,-02Wht,0,4,0,0,,
n,neck-strap-color,i,,, , ,レッド,-03Red,0,4,0,0,,
n,neck-strap-color,i,,, , ,ブルー,-04Blu,0,4,0,0,,
n,neck-strap-color,i,,, , ,ネイビー,-05Nvy,0,3,0,0,,
n,neck-strap-color,i,,, , ,パープル,-06Ppl,0,5,0,0,,
n,neck-strap-color,i,,, , ,ピンク,-07Pnk,0,4,0,0,,
n,neck-strap-color,i,,, , ,オレンジ,-08Org,0,4,0,0,,
n,neck-strap-color,i,,, , ,ブラウン,-09Brn,0,3,0,0,,
n,neck-strap-color,i,,, , ,グリーン,-10Grn,0,4,0,0,,
n,neck-strap-color,i,,, , ,グレー,-11Gly,0,0,0,0,,
n,neck-strap-color,i,,, , ,シルバー,-12Slv,0,4,0,0,,
n,nexus-2013-film,i,,,<br>,,グレア,-01Glare,0,55,0,0,,
n,nexus-2013-film,i,,,<br>,,ノングレア,-02Non-Glare,0,272,0,0,,
n,nexus5-2tonecase,i,,, , ,ブラック,-01Blk,0,20,0,0,,
n,nexus5-2tonecase,i,,, , ,マゼンタ,-02Mgt,0,20,0,0,,
n,nexus5-2tonecase,i,,, , ,オレンジ,-03Org,0,20,0,0,,
n,nexus5-2tonecase,i,,, , ,イエロー,-04Ylw,0,20,0,0,,
n,nexus5-2tonecase,i,,, , ,パープル,-05Ppl,0,20,0,0,,
n,nexus5-2tonecase,i,,, , ,ホワイト,-06Wht,0,20,0,0,,
n,nexus5-2tonecase,i,,, , ,スカイブルー,-07Sky,0,20,0,0,,
n,nexus5-2tonecase,i,,, , ,ピンク,-08Pnk,0,20,0,0,,
n,nexus5-2tonecase,i,,, , ,ネイビー,09-Nvy,0,20,0,0,,
n,nexus-5-bumper,i,,, , ,ブラック,-01Blk,0,18,0,0,,
n,nexus-5-bumper,i,,, , ,ホワイト,-02Wht,0,14,0,0,,
n,nexus-5-bumper,i,,, , ,レッド,-03Red,0,19,0,0,,
n,nexus-5-bumper,i,,, , ,ピンク,-04Pnk,0,18,0,0,,
n,nexus-5-bumper,i,,, , ,ブルー,-05Blu,0,19,0,0,,
n,nexus-5-bumper,i,,, , ,イエロー,-06Yel,0,4,0,0,,
n,nexus5-carbon,i,,,ブラックタイプ,-blk,ブラック,-01Blk,0,4,0,0,,
n,nexus5-carbon,i,,,ブラックタイプ,-blk,ホワイト,-02Wht,0,8,0,0,,
n,nexus5-carbon,i,,,ブラックタイプ,-blk,レッド,-03Red,0,29,0,0,,
n,nexus5-carbon,i,,,ブラックタイプ,-blk,ピンク,-04Pnk,0,9,0,0,,
n,nexus5-carbon,i,,,ブラックタイプ,-blk,ブルー,-05Blu,0,8,0,0,,
n,nexus5-carbon,i,,,ブラックタイプ,-blk,イエロー,-06Yel,0,7,0,0,,
n,nexus5-carbon,i,,,ホワイトタイプ,-wht,ブラック,-01Blk,0,10,0,0,,
n,nexus5-carbon,i,,,ホワイトタイプ,-wht,ホワイト,-02Wht,0,10,0,0,,
n,nexus5-carbon,i,,,ホワイトタイプ,-wht,レッド,-03Red,0,10,0,0,,
n,nexus5-carbon,i,,,ホワイトタイプ,-wht,ピンク,-04Pnk,0,10,0,0,,
n,nexus5-carbon,i,,,ホワイトタイプ,-wht,ブルー,-05Blu,0,9,0,0,,
n,nexus5-carbon,i,,,ホワイトタイプ,-wht,イエロー,-06Yel,0,10,0,0,,
n,nexus5-diary,i,,, , ,ブラック,-01BLK,0,26,0,0,,
n,nexus5-diary,i,,, , ,ライトブラウン,-02LightBRW,0,20,0,0,,
n,nexus5-diary,i,,, , ,ブラウン,-03BRW,0,19,0,0,,
n,nexus5-metalleather,i,,, , ,ブラウン,-01Brw,0,10,0,0,,
n,nexus5-metalleather,i,,, , ,ブラック,-02Blk,0,10,0,0,,
n,nexus5-metalleather,i,,, , ,レッド,-03Red,0,10,0,0,,
n,nexus5-metalleather,i,,, , ,ピンク,-04Pnk,0,10,0,0,,
n,nexus5-metalleather,i,,, , ,ブルー,-05Blu,0,10,0,0,,
n,nexus5-metalleather,i,,, , ,ホワイト,-06Wht,0,10,0,0,,
n,nexus5-screen,i,,, , ,グレア（光沢あり）,-1glare,0,91,0,0,,
n,nexus5-screen,i,,, , ,ノングレア,-2nonglare,0,89,0,0,,
n,nexus5-silicone,i,,, , ,ブラック,-01Blk,0,35,0,0,,
n,nexus5-silicone,i,,, , ,ホワイト,-02Wht,0,36,0,0,,
n,nexus5-silicone,i,,, , ,レッド,-03Red,0,37,0,0,,
n,nexus5-silicone,i,,, , ,ピンク,-04Pnk,0,46,0,0,,
n,nexus5-silicone,i,,, , ,イエロー,-05Ylw,0,35,0,0,,
n,nexus5-silicone,i,,, , ,ブルー,-06Blu,0,39,0,0,,
n,nexus7-2013-leather,i,,,<br>,,ブラック,-01Blk,0,28,0,0,,
n,nexus7-2013-leather,i,,,<br>,,ホワイト,-02Wht,0,14,0,0,,
n,nexus7-2013-leather,i,,,<br>,,レッド,-03Red,0,15,0,0,,
n,nexus7-2013-leather,i,,,<br>,,マゼンタ,-04Mgt,0,10,0,0,,
n,nexus7-2013-leather,i,,,<br>,,ピンク,-05Pnk,0,13,0,0,,
n,nexus7-2013-leather,i,,,<br>,,ブルー,-06Blu,0,11,0,0,,
n,nexus7-2013-leather,i,,,<br>,,グレー,-07Gry,0,9,0,0,,
n,nexus7-2013-leather,i,,,<br>,,ブラウン,-08Brw,0,30,0,0,,
n,nexus7-2013-smt-case,i,,,<br>,,ブラック,-01Blk,0,45,0,0,,
n,nexus7-2013-smt-case,i,,,<br>,,ホワイト,-02Wht,0,44,0,0,,
n,nexus7-2013-smt-case,i,,,<br>,,グリーン,-03Grn,0,19,0,0,,
n,nexus7-2013-smt-case,i,,,<br>,,ピンク,-04Pnk,0,46,0,0,,
n,nexus7-2013-smt-case,i,,,<br>,,パープル,-05Ppl,0,43,0,0,,
n,nexus7-2013-smt-case,i,,,<br>,,ブラウン,-06Brw,0,35,0,0,,
n,nexus7-2013-smt-case,i,,,<br>,,ネイビー,-07Nvy,0,49,0,0,,
n,nexus7-2013-smt-case,i,,,<br>,,マゼンタ,-08Mgt,0,40,0,0,,
n,nexus7-cover-360,i,,,<br>,,ブラック,-black,0,0,0,0,,
n,nexus7-cover-360,i,,,<br>,,ブラウン,-brawn,0,0,0,0,,
n,nexus7-cover-360,i,,,<br>,,グリーン,-green,0,0,0,0,,
n,nexus7-cover-360,i,,,<br>,,マゼンタ,-magenta,0,0,0,0,,
n,nexus7-cover-360,i,,,<br>,,ネイビー,-navy,0,0,0,0,,
n,nexus7-cover-360,i,,,<br>,,オレンジ,-orange,0,0,0,0,,
n,nexus7-cover-360,i,,,<br>,,ピンク,-pink,0,0,0,0,,
n,nexus7-cover-360,i,,,<br>,,パープル,-purple,0,0,0,0,,
n,nexus7-cover-360,i,,,<br>,,レッド,-red,0,0,0,0,,
n,nexus7-cover-360,i,,,<br>,,スカイブルー,-skyblue,0,0,0,0,,
n,nexus7-cover-360,i,,,<br>,,ホワイト,-white,0,0,0,0,,
n,nexus-film,i,,,<br>,,グレア,-glare,0,775,0,0,,
n,nexus-film,i,,,<br>,,ノングレア,-non-glare,0,181,0,0,,
n,paperwhite-2013-screen,i,,, , ,グレア,-01Glare,0,0,0,0,,
n,paperwhite-2013-screen,i,,, , ,ノングレア,-02Non-glare,0,0,0,0,,
n,portable-led-battery,i,,, , ,ブラック,-1-blk,0,13,0,0,,
n,portable-led-battery,i,,, , ,オレンジ,-2-org,0,0,0,0,,
n,portable-led-battery,i,,, , ,ホワイト,-3-wht,0,9,0,0,,
n,portable-led-battery,i,,, , ,ピンク,-4-pnk,0,20,0,0,,
n,portable-led-battery,i,,, , ,グリーン,-5-grn,0,24,0,0,,
n,portable-led-battery,i,,, , ,ブルー,-6-blue,0,9,0,0,,
n,portable-led-battery,i,,, , ,レッド,-7-red,0,14,0,0,,
n,portable-led-battery,i,,, , ,イエロー,-8-yel,0,60,0,0,,
n,silicone-analog,i,,,<br>,,ブラック,-1-blk,0,54,0,0,,
n,silicone-analog,i,,,<br>,,パープル,-2-ppl,0,105,0,0,,
n,silicone-analog,i,,,<br>,,グリーン,-3-grn,0,112,0,0,,
n,silicone-analog,i,,,<br>,,パッションピンク,-4-ppnk,0,99,0,0,,
n,silicone-analog,i,,,<br>,,ホワイト,-5-wht,0,75,0,0,,
n,silicone-analog,i,,,<br>,,ブルー,-6-blue,0,54,0,0,,
n,silicone-analog,i,,,<br>,,オレンジ,-7-org,0,89,0,0,,
n,silicone-analog,i,,,<br>,,イエロー,-8-yel,0,13,0,0,,
n,silicone-degital,i,,,<br>,,レッド,-1-red,0,94,0,0,,
n,silicone-degital,i,,,<br>,,グレープ,-2-grp,0,91,0,0,,
n,silicone-degital,i,,,<br>,,ブルー,-3-blue,0,55,0,0,,
n,silicone-degital,i,,,<br>,,ライム,-4-lime,0,64,0,0,,
n,silicone-degital,i,,,<br>,,オレンジ,-5-org,0,196,0,0,,
n,silicone-degital,i,,,<br>,,ホワイト,-6-wht,0,60,0,0,,
n,silicone-degital,i,,,<br>,,ブラック,-7-blk,0,44,0,0,,
n,silicone-degital,i,,,<br>,,パープル,-8-ppl,0,71,0,0,,
n,silicone-degital,i,,,<br>,,アプリコット,-9-apr,0,0,0,0,,
n,silicone-degital,i,,,<br>,,ダークブルー,-10-dark,0,56,0,0,,
n,silicone-degital,i,,,<br>,,イエロー,-11-yel,0,159,0,0,,
n,silicone-degital,i,,,<br>,,ネオンピンク,-12-npnk,0,85,0,0,,
n,silicone-degital,i,,,<br>,,ネオンオレンジ,-13-norg,0,85,0,0,,
n,silicone-degital,i,,,<br>,,ラベンダー,-14-rav,0,103,0,0,,
n,skatebord-pennytype,i,,, , ,グリーン,-9-grn,0,28,0,0,,
n,skatebord-pennytype,i,,, , ,パープル,-1-ppl,0,18,0,0,,
n,skatebord-pennytype,i,,, , ,レッド,-2-red,0,23,0,0,,
n,skatebord-pennytype,i,,, , ,ピンク,-10-pnk,0,32,0,0,,
n,skatebord-pennytype,i,,, , ,ホワイト,-4-wht,0,13,0,0,,
n,skatebord-pennytype,i,,, , ,ブラック,-5-blk,0,3,0,0,,
n,skatebord-pennytype,i,,, , ,ブルー,-6-blue,0,34,0,0,,
n,skatebord-pennytype,i,,, , ,イエロー,-7-yel,0,4,0,0,,
n,skatebord-pennytype,i,,, , ,オレンジ,-8-org,0,24,0,0,,
n,sp-glove,i,,,Mサイズ,01M,,,0,19,0,0,,
n,sp-glove,i,,,Lサイズ,02L,,,0,18,0,0,,
n,smilecable,i,,,iPhone5用,-iPhone5,ホワイト,-01white,0,109,0,0,,
n,smilecable,i,,,iPhone5用,-iPhone5,ブラック,-02black,0,91,0,0,,
n,smilecable,i,,,iPhone5用,-iPhone5,スカイブルー,-03skyblue,0,154,0,0,,
n,smilecable,i,,,iPhone5用,-iPhone5,オレンジ,-04orange,0,1,0,0,,
n,smilecable,i,,,iPhone5用,-iPhone5,レッド,-05red,0,105,0,0,,
n,smilecable,i,,,iPhone5用,-iPhone5,イエロー,-06yellow,0,33,0,0,,
n,smilecable,i,,,iPhone5用,-iPhone5,マゼンタ,-07magenta,0,70,0,0,,
n,smilecable,i,,,iPhone5用,-iPhone5,ピンク,-08pink,0,89,0,0,,
n,smilecable,i,,,iPhone5用,-iPhone5,グリーン,-09green,0,28,0,0,,
n,smilecable,i,,,iPhone4用,-iPhone4,ホワイト,-01white,0,18,0,0,,
n,smilecable,i,,,iPhone4用,-iPhone4,ブラック,-02black,0,19,0,0,,
n,smilecable,i,,,iPhone4用,-iPhone4,スカイブルー,-03skyblue,0,0,0,0,,
n,smilecable,i,,,iPhone4用,-iPhone4,オレンジ,-04orange,0,0,0,0,,
n,smilecable,i,,,iPhone4用,-iPhone4,レッド,-05red,0,57,0,0,,
n,smilecable,i,,,iPhone4用,-iPhone4,イエロー,-06yellow,0,0,0,0,,
n,smilecable,i,,,iPhone4用,-iPhone4,マゼンタ,-07magenta,0,26,0,0,,
n,smilecable,i,,,iPhone4用,-iPhone4,ピンク,-08pink,0,32,0,0,,
n,smilecable,i,,,iPhone4用,-iPhone4,グリーン,-09green,0,0,0,0,,
n,smilecable,i,,,microusb用,-microusb,ホワイト,-01white,0,62,0,0,,
n,smilecable,i,,,microusb用,-microusb,ブラック,-02black,0,49,0,0,,
n,smilecable,i,,,microusb用,-microusb,スカイブルー,-03skyblue,0,43,0,0,,
n,smilecable,i,,,microusb用,-microusb,オレンジ,-04orange,0,21,0,0,,
n,smilecable,i,,,microusb用,-microusb,レッド,-05red,0,51,0,0,,
n,smilecable,i,,,microusb用,-microusb,イエロー,-06yellow,0,40,0,0,,
n,smilecable,i,,,microusb用,-microusb,マゼンタ,-07magenta,0,4,0,0,,
n,smilecable,i,,,microusb用,-microusb,ピンク,-08pink,0,41,0,0,,
n,smilecable,i,,,microusb用,-microusb,グリーン,-09green,0,36,0,0,,
n,smratphone-arm,i,,,iPhone5S/5C,-IPHN,ブラック,-01Blk,0,104,0,0,,
n,smratphone-arm,i,,,iPhone5S/5C,-IPHN,ブルー,-02Blu,0,82,0,0,,
n,smratphone-arm,i,,,iPhone5S/5C,-IPHN,ホワイト,-03Wht,0,82,0,0,,
n,smratphone-arm,i,,,iPhone5S/5C,-IPHN,レッド,-04Red,0,83,0,0,,
n,smratphone-arm,i,,,iPhone5S/5C,-IPHN,ピンク,-05Pnk,0,85,0,0,,
n,smratphone-arm,i,,,iPhone5S/5C,-IPHN,シルバー,-06Slv,0,47,0,0,,
n,smratphone-arm,i,,,5インチ/Galaxy/Xperia,-5in,ブラック,-01Blk,0,61,0,0,,
n,smratphone-arm,i,,,5インチ/Galaxy/Xperia,-5in,ブルー,-02Blu,0,37,0,0,,
n,smratphone-arm,i,,,5インチ/Galaxy/Xperia,-5in,ホワイト,-03Wht,0,39,0,0,,
n,smratphone-arm,i,,,5インチ/Galaxy/Xperia,-5in,レッド,-04Red,0,36,0,0,,
n,smratphone-arm,i,,,5インチ/Galaxy/Xperia,-5in,ピンク,-05Pnk,0,40,0,0,,
n,smratphone-arm,i,,,5インチ/Galaxy/Xperia,-5in,シルバー,-06Slv,0,50,0,0,,
n,smratphone-arm,i,,,iPodナノ,-Nano,ブラック,-01Blk,0,29,0,0,,
n,smratphone-arm,i,,,iPodナノ,-Nano,ブルー,-02Blu,0,19,0,0,,
n,smratphone-arm,i,,,iPodナノ,-Nano,ホワイト,-03Wht,0,19,0,0,,
n,smratphone-arm,i,,,iPodナノ,-Nano,レッド,-04Red,0,18,0,0,,
n,smratphone-arm,i,,,iPodナノ,-Nano,ピンク,-05Pnk,0,19,0,0,,
n,smratphone-arm,i,,,iPodナノ,-Nano,シルバー,-06Slv,0,49,0,0,,
n,usb2port,i,,,<br>,,ブラック,-1-blk,0,186,0,0,,
n,usb2port,i,,,<br>,,ホワイト,-2-wht,0,179,0,0,,
n,usb2port,i,,,<br>,,レッド,-3-red,0,181,0,0,,
n,usb2port,i,,,<br>,,グリーン,-5-grn,0,203,0,0,,
n,usb2port,i,,,<br>,,ブルー,-6-blu,0,185,0,0,,
n,usb3in1,i,,,<br>,,ブラック,-1-blk,0,0,0,0,,
n,usb3in1,i,,,<br>,,ホワイト,-2-wht,0,11,0,0,,
n,usb-wristband,i,,,<br>,,ゼブラ,-zebra,0,0,0,0,,
n,usb-wristband,i,,,<br>,,ドット,-dot,0,0,0,0,,
n,usb-wristband,i,,,<br>,,キリン,-giraffe,0,4,0,0,,
n,usb-wristband,i,,,<br>,,ボーダー,-border,0,3,0,0,,
n,usb-wristband,i,,,<br>,,クロコダイル,-crocodile,0,0,0,0,,
n,usb-wristband,i,,,<br>,,レオパード,-zebra-leopard,0,0,0,0,,
n,usb-wristband,i,,,<br>,,ブルー,-blue,0,19,0,0,,
n,usb-wristband,i,,,<br>,,ピンク,-pink,0,22,0,0,,
n,usb-wristband,i,,,<br>,,グリーン,-green,0,24,0,0,,
n,xperia-a-flower,i,,, , ,レッド,-01Red,0,634,0,0,,
n,xperia-a-flower,i,,, , ,ピンク,-02Pnk,0,537,0,0,,
n,xperia-a-flower,i,,, , ,ブラック,-03Blk,0,398,0,0,,
n,xperia-a-flower,i,,, , ,ホワイト,-04Wht,0,391,0,0,,
n,xperia-a-flower,i,,, , ,ミント,-05Mnt,0,421,0,0,,
n,xperia-a-flower,i,,, , ,レッドパープル,-06Red-Pur,0,407,0,0,,
n,xperia-a-flower,i,,, , ,ブラックレッド,-07Blk-Red,0,473,0,0,,
n,xperia-a-flower,i,,, , ,マルチカラー,-08Multi,0,440,0,0,,
n,xperia-a-flower,i,,, , ,スカイブルー,-09Sky-Blu,0,591,0,0,,
n,xperia-flower,i,,, , ,レッド,-01Red,0,185,0,0,,
n,xperia-flower,i,,, , ,ピンク,-02Pnk,0,9,0,0,,
n,xperia-flower,i,,, , ,ブラック,-03Blk,0,290,0,0,,
n,xperia-flower,i,,, , ,ミント,-04Mnt,0,255,0,0,,
n,xperia-flower,i,,, , ,ホワイト,-05Wht,0,2,0,0,,
n,xperia-flower,i,,, , ,レッドパープル,-06Red-Pur,0,164,0,0,,
n,xperia-flower,i,,, , ,マルチカラー,-07Malti,0,137,0,0,,
n,xperia-flower,i,,, , ,スカイブルー,-08Sky-Blu,0,158,0,0,,
n,xperia-flower,i,,, , ,ブラックレッド,-09Blk-Red,0,151,0,0,,
n,xperiart,i,,,<br>,,いいね/LIKE,-01LIKE,0,50,0,0,,
n,xperiart,i,,,<br>,,ロゴTシャツ,-02rogoT,0,50,0,0,,
n,xperiart,i,,,<br>,,Evolution/Ver2,-03Evo,0,99,0,0,,
n,xperiart,i,,,<br>,,ロボット,-04Robot,0,100,0,0,,
n,xperiart,i,,,<br>,,ネコ/CAT,-05Cat,0,100,0,0,,
n,xperiart,i,,,<br>,,土下座,-06Sorry,0,100,0,0,,
n,xperiart,i,,,<br>,,スノーボード,-07Board,0,100,0,0,,
n,xperiart,i,,,<br>,,ブレイクダンス,-08Dance,0,100,0,0,,
n,xperiart,i,,,<br>,,DJ,-09DJ,0,100,0,0,,
n,xperiart,i,,,<br>,,NYC,-10NYC,0,0,0,0,,
n,xperiart,i,,,<br>,,パンプキン,-11Pumpkin,0,100,0,0,,
n,xperiart,i,,,<br>,,チェリー,-12Cherry,0,100,0,0,,
n,xperiart,i,,,<br>,,パイン,-13Pine,0,100,0,0,,
n,xperiart,i,,,<br>,,A型,-14type-A,0,50,0,0,,
n,xperiart,i,,,<br>,,B型,-15type-B,0,50,0,0,,
n,xperiart,i,,,<br>,,O型,-16type-O,0,50,0,0,,
n,xperiart,i,,,<br>,,AB型,-17type-AB,0,50,0,0,,
n,xperiart,i,,,<br>,,G型,-18type-G,0,50,0,0,,
n,xperiart-initial,i,,,<br>,,イニシャル：A,-1-A,0,50,0,0,,
n,xperiart-initial,i,,,<br>,,イニシャル：C,-02-C,0,50,0,0,,
n,xperiart-initial,i,,,<br>,,イニシャル：D,-3-D,0,50,0,0,,
n,xperiart-initial,i,,,<br>,,イニシャル：E,-4-E,0,50,0,0,,
n,xperiart-initial,i,,,<br>,,イニシャル：F,-5-F,0,50,0,0,,
n,xperiart-initial,i,,,<br>,,イニシャル：G,-6-G,0,50,0,0,,
n,xperiart-initial,i,,,<br>,,イニシャル：H,-7-h,0,50,0,0,,
n,xperiart-initial,i,,,<br>,,イニシャル：I,-8-I,0,50,0,0,,
n,xperiart-initial,i,,,<br>,,イニシャル：J,-9-J,0,50,0,0,,
n,xperiart-initial,i,,,<br>,,イニシャル：K,-10-K,0,50,0,0,,
n,xperiart-initial,i,,,<br>,,イニシャル：M,-11-m,0,50,0,0,,
n,xperiart-initial,i,,,<br>,,イニシャル：N,-12-N,0,50,0,0,,
n,xperiart-initial,i,,,<br>,,イニシャル：O,-13-O,0,50,0,0,,
n,xperiart-initial,i,,,<br>,,イニシャル：R,-14-R,0,49,0,0,,
n,xperiart-initial,i,,,<br>,,イニシャル：S,-15-s,0,50,0,0,,
n,xperiart-initial,i,,,<br>,,イニシャル：T,-16-T,0,50,0,0,,
n,xperiart-initial,i,,,<br>,,イニシャル：U,-17-u,0,50,0,0,,
n,xperiart-initial,i,,,<br>,,イニシャル：W,-18-W,0,50,0,0,,
n,xperiart-initial,i,,,<br>,,イニシャル：Y,-17-Y,0,50,0,0,,
n,xperia-ul-flower,i,,, , ,レッド,-01Red,0,168,0,0,,
n,xperia-ul-flower,i,,, , ,ピンク,-02Pnk,0,140,0,0,,
n,xperia-ul-flower,i,,, , ,ブラック,-03Blk,0,182,0,0,,
n,xperia-ul-flower,i,,, , ,ホワイト,-04Wht,0,151,0,0,,
n,xperia-ul-flower,i,,, , ,ミント,-05Mnt,0,135,0,0,,
n,xperia-ul-flower,i,,, , ,レッドパープル,-06Red-Pur,0,185,0,0,,
n,xperia-ul-flower,i,,, , ,ブラックレッド,-07Blk-Red,0,31,0,0,,
n,xperia-ul-flower,i,,, , ,マルチカラー,-08Multi,0,0,0,0,,
n,xperia-ul-flower,i,,, , ,スカイブルー,-09Sky-Blu,0,64,0,0,,
n,xperia-z1-2torn-bum,i,,, , ,ブラック,-01Blk,0,13,0,0,,
n,xperia-z1-2torn-bum,i,,, , ,ホワイト,-02Wht,0,19,0,0,,
n,xperia-z1-2torn-bum,i,,, , ,レッド,-03Red,0,18,0,0,,
n,xperia-z1-2torn-bum,i,,, , ,ピンク,-04Pnk,0,18,0,0,,
n,xperia-z1-2torn-bum,i,,, , ,イエロー,-05Ylw,0,14,0,0,,
n,xperia-z1-2torn-bum,i,,, , ,ブルー,-06Blu,0,19,0,0,,
n,xperia-z1-bumpercase,i,,, , ,ブラック,-01Blk,0,27,0,0,,
n,xperia-z1-bumpercase,i,,, , ,ホワイト,-02Wht,0,18,0,0,,
n,xperia-z1-bumpercase,i,,, , ,ピンク,-03Pnk,0,18,0,0,,
n,xperia-z1-bumpercase,i,,, , ,マゼンタ,-04Mgt,0,26,0,0,,
n,xperia-z1-bumpercase,i,,, , ,スカイブルー,-05Sky-Blu,0,19,0,0,,
n,xperia-z1-bumpercase,i,,, , ,ターコイズ,-06Tur,0,15,0,0,,
n,xperia-z1-bumpercase,i,,, , ,ラベンダー,-07lav,0,16,0,0,,
n,xperia-z1-bumpercase,i,,, , ,ライトグリーン,-08L-grn,0,17,0,0,,
n,xperia-z1-bumpercase,i,,, , ,クリーム,-09Crm,0,18,0,0,,
n,xperia-z1-bumpercase,i,,, , ,ライム,-10Lim,0,11,0,0,,
n,xperia-z1-crocodile,i,,, , ,ブラック,-01Blk,0,0,0,0,,
n,xperia-z1-crocodile,i,,, , ,ホワイト,-02Wht,0,20,0,0,,
n,xperia-z1-crocodile,i,,, , ,レッド,-03Red,0,0,0,0,,
n,xperia-z1-crocodile,i,,, , ,ピンク,-04Pnk,0,16,0,0,,
n,xperia-z1-crocodile,i,,, , ,マゼンタ,-05Mgt,0,19,0,0,,
n,xperia-z1-diary,i,,, , ,ブラウン,-01Brw,0,13,0,0,,
n,xperia-z1-diary,i,,, , ,ピンク,-02Pnk,0,0,0,0,,
n,xperia-z1f-bumper,i,,, , ,ホワイト,-01Wht,0,18,0,0,,
n,xperia-z1f-bumper,i,,, , ,イエロー,-02Ylw,0,19,0,0,,
n,xperia-z1f-bumper,i,,, , ,ブラック,-03Blk,0,19,0,0,,
n,xperia-z1f-bumper,i,,, , ,レッド,-04Red,0,18,0,0,,
n,xperia-z1f-bumper,i,,, , ,ピンク,-05Pnk,0,19,0,0,,
n,xperia-z1f-bumper,i,,, , ,ブルー,-06Blu,0,20,0,0,,
n,xperia-z1f-carbon,i,,, , ,ブラック,-01Blk,0,20,0,0,,
n,xperia-z1f-carbon,i,,, , ,ピンク,-02Pnk,0,20,0,0,,
n,xperia-z1f-carbon,i,,, , ,レッド,-03Red,0,20,0,0,,
n,xperia-z1f-carbon,i,,, , ,イエロー,-04Ylw,0,20,0,0,,
n,xperia-z1f-carbon,i,,, , ,ブルー,-05Blu,0,20,0,0,,
n,xperia-z1f-carbon,i,,, , ,ホワイト,-06Wht,0,20,0,0,,
n,xperia-z1f-diary,i,,, , ,ブラック,-01Blk,0,17,0,0,,
n,xperia-z1f-diary,i,,, , ,ホワイト,-02Wht,0,20,0,0,,
n,xperia-z1f-diary,i,,, , ,ブラウン,-03Brw,0,20,0,0,,
n,xperia-z1f-diary,i,,, , ,マゼンタ,-04Mgt,0,19,0,0,,
n,xperia-z1f-diary,i,,, , ,レッド,-05Red,0,19,0,0,,
n,xperia-z1f-diary,i,,, , ,ブルー,-06Blu,0,20,0,0,,
n,xperia-z1f-diary,i,,, , ,パープル,-07Ppl,0,20,0,0,,
n,xperia-z1f-diary,i,,, , ,ピンク,-08Pbk,0,20,0,0,,
n,xperia-z1f-diary,i,,, , ,グリーン,09-Grn,0,20,0,0,,
n,xperia-z1f-hardcase,i,,, , ,ブラック,-01Blk,0,10,0,0,,
n,xperia-z1f-hardcase,i,,, , ,グリーン,-02Grn,0,10,0,0,,
n,xperia-z1f-hardcase,i,,, , ,レッド,-03Red,0,10,0,0,,
n,xperia-z1f-hardcase,i,,, , ,パープル,-04Ppl,0,0,0,0,,
n,xperia-z1f-hardcase,i,,, , ,ブルー,-05Blu,0,10,0,0,,
n,xperia-z1-flower,i,,, , ,ブラック,-01Blk,0,94,0,0,,
n,xperia-z1-flower,i,,, , ,ホワイト,-02Wht,0,300,0,0,,
n,xperia-z1-flower,i,,, , ,レッド,-03Red,0,298,0,0,,
n,xperia-z1-flower,i,,, , ,ピンク,-04Pnk,0,299,0,0,,
n,xperia-z1-flower,i,,, , ,ミント,-05Mnt,0,277,0,0,,
n,xperia-z1-flower,i,,, , ,レッドパープル,-06Red-Pur,0,300,0,0,,
n,xperia-z1-flower,i,,, , ,ブラックレッド,-07Blk-Red,0,298,0,0,,
n,xperia-z1-flower,i,,, , ,マルチカラー,-08Multi,0,299,0,0,,
n,xperia-z1f-mercury,i,,, , ,ブラック/ブラック,-01Blk-Blk,0,9,0,0,,
n,xperia-z1f-mercury,i,,, , ,ブラック/ブラウン,-02Blk-Brw,0,10,0,0,,
n,xperia-z1f-mercury,i,,, , ,ネイビー/グリーン,-03Nvy-Grn,0,10,0,0,,
n,xperia-z1f-mercury,i,,, , ,ピンク/マゼンタ,-04Pnk-Mgt,0,8,0,0,,
n,xperia-z1f-mercury,i,,, , ,マゼンタ/ピンク,-05Mgt-Pnk,0,10,0,0,,
n,xperia-z1f-mercury,i,,, , ,レッド/ネイビー,-06Red-Nvy,0,10,0,0,,
n,xperia-z1f-screen,i,,, , ,グレア（ツヤあり）,-01Glare,0,200,0,0,,
n,xperia-z1f-screen,i,,, , ,ノングレア（マット）,-02Mat,0,200,0,0,,
n,xperia-z1f-screen,i,,, , ,ミラー（鏡面）,-03Mir,0,99,0,0,,
n,xperia-z1f-tpucase,i,,, , ,ホワイト,-01Wht,0,20,0,0,,
n,xperia-z1f-tpucase,i,,, , ,ブラック,-02Blk,0,20,0,0,,
n,xperia-z1f-tpucase,i,,, , ,レッド,-03Red,0,20,0,0,,
n,xperia-z1f-tpucase,i,,, , ,ブルー,-04Blu,0,20,0,0,,
n,xperia-z1f-tpucase,i,,, , ,イエロー,-05Ylw,0,20,0,0,,
n,xperia-z1f-tpucase,i,,, , ,ピンク,-06Pnk,0,20,0,0,,
n,xperia-z1-hard-book,i,,, , ,ブラック,-01Blk,0,19,0,0,,
n,xperia-z1-hard-book,i,,, , ,ブラウン,-02Brw,0,19,0,0,,
n,xperia-z1-hard-book,i,,, , ,ピンク,-03Pnk,0,4,0,0,,
n,xperia-z1-hard-book,i,,, , ,ブルー,-04Blu,0,9,0,0,,
n,xperia-z1-metalbumper,i,,, , ,ブラック,-01Blk,0,7,0,0,,
n,xperia-z1-metalbumper,i,,, , ,レッド,-02Red,0,3,0,0,,
n,xperia-z1-metalbumper,i,,, , ,グレー,-03Gry,0,2,0,0,,
n,xperia-z1-metalbumper,i,,, , ,シルバー,-04Slv,0,7,0,0,,
n,xperia-z1-metalbumper,i,,, , ,ゴールド,-05Gld,0,3,0,0,,
n,xperia-z1-screen,i,,, , ,グレア,-01glare,0,42,0,0,,
n,xperia-z1-screen,i,,, , ,ノングレア,-02non-glare,0,50,0,0,,
n,xperia-z1-screen,i,,, , ,鏡面,-03mirror,0,49,0,0,,
n,xperia-z1-silicone,i,,, , ,ブラック,-01Blk,0,90,0,0,,
n,xperia-z1-silicone,i,,, , ,ホワイト,-02Wht,0,97,0,0,,
n,xperia-z1-silicone,i,,, , ,レッド,-03Red,0,95,0,0,,
n,xperia-z1-silicone,i,,, , ,ピンク,-04Pnk,0,103,0,0,,
n,xperia-z1-silicone,i,,, , ,イエロー,-05Ylw,0,95,0,0,,
n,xperia-z1-silicone,i,,, , ,ブルー,-06Blu,0,92,0,0,,
n,xperia-z1-view-book,i,,, , ,ブラック,-01Blk,0,33,0,0,,
n,xperia-z1-view-book,i,,, , ,ホワイト,-02Wht,0,20,0,0,,
n,xperia-z1-view-book,i,,, , ,レッド,-03Red,0,19,0,0,,
n,xperia-z1-view-book,i,,, , ,マゼンタ,-04Mgt,0,16,0,0,,
n,xperia-z1-view-book,i,,, , ,ピンク,-05Pnk,0,18,0,0,,
n,xperia-z1-view-book,i,,, , ,ブルー,-06Blu,0,18,0,0,,
n,xperia-z1-view-book,i,,, , ,グリーン,-07Grn,0,17,0,0,,
n,xperiaz-book,i,,,<br>,,ブラック,-1-black,0,35,0,0,,
n,xperiaz-book,i,,,<br>,,ホワイト,-2-white,0,13,0,0,,
n,xperiaz-book,i,,,<br>,,ブラウン,-3-brown,0,9,0,0,,
n,xperiaz-book,i,,,<br>,,ピンク,-4-pink,0,31,0,0,,
n,xperiaz-book,i,,,<br>,,レッド,-5-red,0,17,0,0,,
n,xperiaz-diamond,i,,,<br>,,ブラック,-1-black,0,40,0,0,,
n,xperiaz-diamond,i,,,<br>,,グレー,-2-glay,0,28,0,0,,
n,xperiaz-diamond,i,,,<br>,,レッド,-3-red,0,44,0,0,,
n,xperiaz-diamond,i,,,<br>,,ブルー,-4-blue,0,27,0,0,,
n,xperiaz-diamond,i,,,<br>,,パープル,-5-purple,0,24,0,0,,
n,xperia-z-flower,i,,, , ,レッド,-01Red,0,111,0,0,,
n,xperia-z-flower,i,,, , ,ピンク,-02pnk,0,0,0,0,,
n,xperia-z-flower,i,,, , ,ミント,-03Mnt,0,61,0,0,,
n,xperia-z-flower,i,,, , ,ブラック,-04Blk,0,45,0,0,,
n,xperia-z-flower,i,,, , ,ホワイト,-05Wht,0,2,0,0,,
n,xperia-z-flower,i,,, , ,レッドパープル,-06Red-Pur,0,0,0,0,,
n,xperiaz-hardcase,i,,,<br>,,ホワイト,-1-white,0,18,0,0,,
n,xperiaz-hardcase,i,,,<br>,,ブラック,-2-black,0,12,0,0,,
n,xperiaz-hardcase,i,,,<br>,,レッド,-3-red,0,17,0,0,,
n,xperiaz-hardcase,i,,,<br>,,ピンク,-4-pink,0,30,0,0,,
n,xperiaz-hardcase,i,,,<br>,,マゼンタ,-5-magenta,0,33,0,0,,
n,xperiaz-hardcase,i,,,<br>,,イエロー,-6-yellow,0,14,0,0,,
n,xperiaz-hardcase,i,,,<br>,,ブルー,-7-blue,0,15,0,0,,
n,xperiaz-hardcase,i,,,<br>,,アクア,-8-aqua,0,17,0,0,,
n,xperiaz-hardcase,i,,,<br>,,パープル,-9-purple,0,12,0,0,,
n,xperiaz-metalbumper,i,,,<br>,,ブラック,-1-black,0,1,0,0,,
n,xperiaz-metalbumper,i,,,<br>,,シルバー,-2-silver,0,1,0,0,,
n,xperiaz-silicone,i,,,<br>,,クリア,-1-clear,0,15,0,0,,
n,xperiaz-silicone,i,,,<br>,,ブラック,-2-black,0,13,0,0,,
n,xperiaz-silicone,i,,,<br>,,レッド,-3-red,0,17,0,0,,
n,xperiaz-silicone,i,,,<br>,,ピンク,-4-pink,0,18,0,0,,
n,xperiaz-silicone,i,,,<br>,,マゼンタ,-5-magenta,0,19,0,0,,
n,xperiaz-silicone,i,,,<br>,,オレンジ,-6-orange,0,15,0,0,,
n,xperiaz-silicone,i,,,<br>,,イエロー,-7-yellow,0,12,0,0,,
n,xperiaz-silicone,i,,,<br>,,ブルー,-8-blue,0,17,0,0,,
n,xperiaz-silicone,i,,,<br>,,アクア,-9-aqua,0,13,0,0,,
n,xperiaz-silicone,i,,,<br>,,グリーン,-10-green,0,13,0,0,,
n,xperiaz-silicone,i,,,<br>,,パープル,-11-purple,0,20,0,0,,
